type,id,date,title,slug,categories,tags,comments_count,word_count,url,markdown_file
post,484,2013-08-28T13:52:15+01:00,Preface to “Change! – Use habits to effortless improve your life.” (Version 0.1),preface-to-change-use-habits-to-effortless-improve-your-life-version-0-1,Habits,"AA, attention, automatic behavior, automaticity, autopilot, Behavioural Change, book, Change, dynamic systems, habit, Habits, Judith Martins, limbic system, Motivation, self-talk, success, Weight Watchers, William James",1,1402,http://behaviouralscience.net/2013/08/28/preface-to-change-use-habits-to-effortless-improve-your-life-version-0-1/,posts_markdown/2013-08-28-preface-to-change-use-habits-to-effortless-improve-your-life-version-0-1.md
post,414,2011-01-02T13:52:51+01:00,The Behavioural Science Blog in 2010,the-behavioural-science-blog-in-2010,Behavioural Science,,0,233,http://behaviouralscience.net/2011/01/02/the-behavioural-science-blog-in-2010/,posts_markdown/2011-01-02-the-behavioural-science-blog-in-2010.md
post,410,2010-12-26T12:30:55+01:00,Forget the Cinderella effect: stepparents are just as likely to kill their biological children as their stepchildren,forget-the-cinderella-effect-stepparents-are-just-as-likely-to-kill-their-biological-children-as-their-stepchildren,Social Psychology,"child homocide, Daly, Evolutionary Psychology, family, Fergusson, Fleming, Kexue Communications, O’Neill, stepparent, Stockholm University, Temrin, Tim O’Mahony, Wilson",1,726,http://behaviouralscience.net/2010/12/26/forget-the-cinderella-effect-stepparents-are-just-as-likely-to-kill-their-biological-children-as-their-stepchildren/,posts_markdown/2010-12-26-forget-the-cinderella-effect-stepparents-are-just-as-likely-to-kill-their-biological-children-as-their-stepchildren.md
post,396,2010-04-05T10:22:01+01:00,Dan Ariely: It’s OK to cheat and steal (sometimes),dan-ariely-its-ok-to-cheat-and-steal-sometimes,Behavioural Science,"behavioural economy, cheat, Dan Ariely, morality, presentation, steal, TED, video",0,48,http://behaviouralscience.net/2010/04/05/dan-ariely-its-ok-to-cheat-and-steal-sometimes/,posts_markdown/2010-04-05-dan-ariely-its-ok-to-cheat-and-steal-sometimes.md
post,391,2010-03-28T13:33:15+01:00,The Secret: Force of the universe or unconscious goal priming?,the-secret-force-of-the-universe-or-unconscious-goal-priming,Social Cognition,"occam's razor, priming, The Secret, unconscious goals, visualization",4,61,http://behaviouralscience.net/2010/03/28/the-secret-force-of-the-universe-or-unconscious-goal-priming/,posts_markdown/2010-03-28-the-secret-force-of-the-universe-or-unconscious-goal-priming.md
post,385,2010-03-24T12:28:16+01:00,Gigerenzer: The Intelligence of the Unconscious,gigerenzer-the-intelligence-of-the-unconscious,Social Psychology,"fast and frugal heuristics, Gerd Gigerenzer, Gut Feelings, intuition, logic, unconscious, unconscious processes, University of California, video",1,112,http://behaviouralscience.net/2010/03/24/gigerenzer-the-intelligence-of-the-unconscious/,posts_markdown/2010-03-24-gigerenzer-the-intelligence-of-the-unconscious.md
post,360,2010-02-06T23:59:20+01:00,Dan Fitzgerald about fMRI – Video interview,dan-fitzgerald-about-fmri-video-interview,Behavioural Science,"behaviour, Dan Fitzgerald, fMRI, Introduction, research, video, Video interview",2,72,http://behaviouralscience.net/2010/02/06/dan-fitzgerald-about-fmri-video-interview/,posts_markdown/2010-02-06-dan-fitzgerald-about-fmri-video-interview.md
post,341,2010-01-20T16:02:53+01:00,Behavioural Science Top 5,behavioural-science-top-5,Behavioural Science,"Google, ranking, science blogs",0,122,http://behaviouralscience.net/2010/01/20/behavioural-science-top-5/,posts_markdown/2010-01-20-behavioural-science-top-5.md
post,355,2010-01-16T08:34:03+01:00,Blog stats january 2010,blog-stats-january-2010,Loosely Related,"search terms, stats",0,334,http://behaviouralscience.net/2010/01/16/blog-stats-january-2010/,posts_markdown/2010-01-16-blog-stats-january-2010.md
post,333,2010-01-13T15:02:01+01:00,Upcoming Blogposts February 2010,upcoming-blogposts-february-2010,Behavioural Science,"backlash effect, Chomsky, Daniel Fitzgerald, Dynamical modeling, fMRI research, Fred Hasselman, Hubert de Mey, Nonlinear time series analysis, Pamela Smith, power research, Sanne Nauts, Skinner, Theory",0,349,http://behaviouralscience.net/2010/01/13/upcoming-blogposts-february-2010/,posts_markdown/2010-01-13-upcoming-blogposts-february-2010.md
post,320,2010-01-12T11:44:55+01:00,New Authors – Welcome!,new-authors-welcome,Behavioural Science,"articles, authors, Behavioural Science Blog, blogging, Metzmacher, scientific blogging",0,415,http://behaviouralscience.net/2010/01/12/new-authors-welcome/,posts_markdown/2010-01-12-new-authors-welcome.md
post,295,2009-11-20T15:01:10+01:00,How popular beliefs about obesity contribute to the growing problem,popular-beliefs-obesity-contribute-to-problem,Clinical Psychology,"bias, Brownell, Eating, Eating Disorders, Fabricatore, Goold, Herman, Klaczynski, Lissner, Mudry, Obesity, Obesity Stereotypes, Ouwens, Polivy, Puhl, Thin ideal, Van Strien, Wadden",0,952,http://behaviouralscience.net/2009/11/20/popular-beliefs-obesity-contribute-to-problem/,posts_markdown/2009-11-20-popular-beliefs-obesity-contribute-to-problem.md
post,296,2009-11-10T14:16:51+01:00,Research on classification and case formulation,research-on-classification-case-formulation,Clinical Decision Making,"DSM, Garb, Garssen, Hornsveld, Hutschemaekers, ICD, information, Kaasenbrood, Koele, Krol, Kwaadsteniet, matched care, mental health, Miakami, Persons, Stepped-Care, Tiemens, treatment decisions, Witteman",2,1041,http://behaviouralscience.net/2009/11/10/research-on-classification-case-formulation/,posts_markdown/2009-11-10-research-on-classification-case-formulation.md
post,292,2009-10-26T15:34:42+01:00,How do biases affect decision making in mental health?,how-do-biases-affect-decision-making-in-mental-health,Clinical Decision Making,"Ahn, biases, brain, Bulik, Crisafulli, Decision Making, Dualism, Flanagan, Kandel, kirmayer, materialism, medication, mental health, Miresco, Proctor, von Holle",2,626,http://behaviouralscience.net/2009/10/26/how-do-biases-affect-decision-making-in-mental-health/,posts_markdown/2009-10-26-how-do-biases-affect-decision-making-in-mental-health.md
post,290,2009-10-25T11:39:06+01:00,Treatment Decisions of Mental Health Profesionals,treatment-decisions-of-mental-health-profesionals,Behavioural Science,"Christina Sommerdyk, Clinical Decision Making, Guestpost",0,91,http://behaviouralscience.net/2009/10/25/treatment-decisions-of-mental-health-profesionals/,posts_markdown/2009-10-25-treatment-decisions-of-mental-health-profesionals.md
post,283,2009-09-17T15:08:07+01:00,Behavioural Science Blog development,behavioural-science-blog-development,Loosely Related,"Behavioural Science, Behavioural Science Blog, blog, blogging, development, Google, scientific blogging, social networks, thank you",1,448,http://behaviouralscience.net/2009/09/17/behavioural-science-blog-development/,posts_markdown/2009-09-17-behavioural-science-blog-development.md
post,225,2009-08-22T21:12:54+01:00,"Dan Ariely asks, Are we in control of our own decisions?",dan-ariely-asks-are-we-in-control-of-our-own-decisions,Behavioural Regulation,"Dan Ariely, Decisions, Free Will, irrational behaviour, talk, TED, video, Visual Illusion",4,52,http://behaviouralscience.net/2009/08/22/dan-ariely-asks-are-we-in-control-of-our-own-decisions/,posts_markdown/2009-08-22-dan-ariely-asks-are-we-in-control-of-our-own-decisions.md
post,251,2009-06-29T12:18:06+01:00,Graduate School 101,graduate-school-101,Research Skills,"dissertation, Graduate School, skills",0,208,http://behaviouralscience.net/2009/06/29/graduate-school-101/,posts_markdown/2009-06-29-graduate-school-101.md
post,242,2009-06-12T01:37:52+01:00,How do you like to consume your information?,how-do-you-like-to-consume-your-information,Loosely Related,poll,0,43,http://behaviouralscience.net/2009/06/12/how-do-you-like-to-consume-your-information/,posts_markdown/2009-06-12-how-do-you-like-to-consume-your-information.md
post,236,2009-06-11T19:09:58+01:00,Why are we happy?,why-are-we-happy,Philosophy,"Dan Gilbert, Happiness, Psychology, video",0,20,http://behaviouralscience.net/2009/06/11/why-are-we-happy/,posts_markdown/2009-06-11-why-are-we-happy.md
post,217,2009-03-13T23:14:06+01:00,Unconscious Perception: Reply by Tom Wootton,unconscious-perception-reply-by-tom-wootton,Social Cognition,"behaviour, introspection, Reply, subconscious, unconscious processes, video",1,579,http://behaviouralscience.net/2009/03/13/unconscious-perception-reply-by-tom-wootton/,posts_markdown/2009-03-13-unconscious-perception-reply-by-tom-wootton.md
post,190,2009-03-03T11:24:35+01:00,Dissertation: The allures of forbidden food,dissertation-the-allures-of-forbidden-food,Behavioural Regulation,"ASPO, dieting, dissertation, food, goal activation, goal conflict, impulse control, papies, self-regulation, weight loss",1,233,http://behaviouralscience.net/2009/03/03/dissertation-the-allures-of-forbidden-food/,posts_markdown/2009-03-03-dissertation-the-allures-of-forbidden-food.md
post,200,2009-02-23T18:09:32+01:00,Unconscious perceptual processes,unconscious-perceptual-processes,Social Cognition,"Bargh, behavioral targeting, behaviour, Burruws, Cartrand, Chao, Chen, Dijksterhuis, Ellis, embodied embedded cognitions, Evolution, Fitzsimons, Holland, inhibition hypothesis, Jastrow, Karremans, Martion, Murphy, Owen, Pamela Smith, Pötzl, perception, Pierce, self-esteem, Simmons, subliminal, Taylor, Tucker, unconscious processes, Vicary, Whalen, Zajonc, Zwaam",5,1975,http://behaviouralscience.net/2009/02/23/unconscious-perceptual-processes/,posts_markdown/2009-02-23-unconscious-perceptual-processes.md
post,174,2008-12-14T13:00:13+01:00,Behavioral Assessment of Social Anxiety in the Free Speech Task,behavioral-assessment-of-social-anxiety-in-the-free-speech-task,Clinical Psychology,"behavioural assessment, behavioural indicators, free speech task, Metzmacher, social anxiety",1,164,http://behaviouralscience.net/2008/12/14/behavioral-assessment-of-social-anxiety-in-the-free-speech-task/,posts_markdown/2008-12-14-behavioral-assessment-of-social-anxiety-in-the-free-speech-task.md
post,129,2008-12-05T14:00:54+02:00,The Downside of the Glorious RCTs,the-downside-of-the-glorious-rcts,Research Methodology,"Randomized Controlled Trials, RTC, therapists",2,297,http://behaviouralscience.net/2008/12/05/the-downside-of-the-glorious-rcts/,posts_markdown/2008-12-05-the-downside-of-the-glorious-rcts.md
post,126,2008-11-30T11:54:37+02:00,The Origins of FAD therapies,the-origins-of-fad-therapies,Clinical Psychology,"evidence-based, FAD, Positivism, Psychotherapy, quick and easy, scientific approach",0,598,http://behaviouralscience.net/2008/11/30/the-origins-of-fad-therapies/,posts_markdown/2008-11-30-the-origins-of-fad-therapies.md
post,124,2008-11-26T15:10:42+02:00,Advantages and Risks of Internet-Based Psychotherapy,advantages-and-risks-of-internet-based-psychotherapy,Clinical Psychology,"Effectivity, Internet, privacy, Psychotherapy, Stepped-Care, therapists",0,392,http://behaviouralscience.net/2008/11/26/advantages-and-risks-of-internet-based-psychotherapy/,posts_markdown/2008-11-26-advantages-and-risks-of-internet-based-psychotherapy.md
post,122,2008-11-22T18:47:48+02:00,Why a Computerized Decision System does not always lead to the Correct DSM-Classification,why-a-computerized-decision-system-does-not-always-lead-to-the-correct-dsm-classification,Clinical Decision Making,"bergman, Classification, Dreyfus, DSM, SCID",0,141,http://behaviouralscience.net/2008/11/22/why-a-computerized-decision-system-does-not-always-lead-to-the-correct-dsm-classification/,posts_markdown/2008-11-22-why-a-computerized-decision-system-does-not-always-lead-to-the-correct-dsm-classification.md
post,120,2008-11-15T11:43:04+02:00,Three Recent Applications of Virtual Reality in Psychotherapy Training,three-recent-applications-of-virtual-reality-in-psychotherapy-training,Clinical Psychology,"Cybertherapy, Psychotherapy, Training, Virtual Reality",3,347,http://behaviouralscience.net/2008/11/15/three-recent-applications-of-virtual-reality-in-psychotherapy-training/,posts_markdown/2008-11-15-three-recent-applications-of-virtual-reality-in-psychotherapy-training.md
post,118,2008-11-10T20:40:09+02:00,The Motivation for Designing a Computer-assisted Procedure for Training Therapists,the-motivation-for-designing-a-computer-assisted-procedure-for-training-therapists,Clinical Psychology,"Computer-assisted, Expert Therapists, Psychotherapy, role-playing, therapists, Training, Virtual Reality",0,257,http://behaviouralscience.net/2008/11/10/the-motivation-for-designing-a-computer-assisted-procedure-for-training-therapists/,posts_markdown/2008-11-10-the-motivation-for-designing-a-computer-assisted-procedure-for-training-therapists.md
post,148,2008-11-05T20:21:09+02:00,Universal Self-Enhancement Reloaded:  A Battle of Definitions and Paradigms,universal-self-enhancement-reloaded-a-battle-of-definitions-and-paradigms,Social Psychology,"Brown, Crocker, empirical validation, Gaertner, Gregg, Hamamura, Heine, Kitayama, Krueger, Lehman, Markus, meta-analysis, pancultural, SCENT, Sedikides, Self-Enhancement, self-regard, self-worth, Taylor, Toguchi, Vevea, Wolfe",3,1303,http://behaviouralscience.net/2008/11/05/universal-self-enhancement-reloaded-a-battle-of-definitions-and-paradigms/,posts_markdown/2008-11-05-universal-self-enhancement-reloaded-a-battle-of-definitions-and-paradigms.md
post,116,2008-11-03T15:38:26+02:00,What is Effect Size?,what-is-effect-size,Research Methodology,"Cohen, evidence-based, GLM, parametric",0,163,http://behaviouralscience.net/2008/11/03/what-is-effect-size/,posts_markdown/2008-11-03-what-is-effect-size.md
post,109,2008-10-29T22:25:22+02:00,Why the CBCL’s Inter-rater Reliability is poor at the Item and Syndrome level,why-the-cbcl%e2%80%99s-inter-rater-reliability-is-poor-at-the-item-and-syndrome-level,Research Methodology,"bias, CBCL, Embregts",0,280,http://behaviouralscience.net/2008/10/29/why-the-cbcl%e2%80%99s-inter-rater-reliability-is-poor-at-the-item-and-syndrome-level/,posts_markdown/2008-10-29-why-the-cbcl%e2%80%99s-inter-rater-reliability-is-poor-at-the-item-and-syndrome-level.md
post,107,2008-10-22T22:22:33+02:00,Heterotypic Continuity & Comorbidity,heterotypic-continuity-and-comorbidit,Clinical Psychology,"comorbidity, Heterotypical continuity, Homeotypic continuity, psychopathological progression",2,244,http://behaviouralscience.net/2008/10/22/heterotypic-continuity-and-comorbidit/,posts_markdown/2008-10-22-heterotypic-continuity-and-comorbidit.md
post,143,2008-10-21T14:09:38+02:00,Who is reading this site?,who-is-reading-this-site,Loosely Related,,0,22,http://behaviouralscience.net/2008/10/21/who-is-reading-this-site/,posts_markdown/2008-10-21-who-is-reading-this-site.md
post,105,2008-10-20T17:19:07+02:00,The implicit Contract by Therapist and Patient in Psychotherapy,the-implicit-contract-by-therapist-and-patient-in-psychotherapy,Clinical Decision Making,"Chadwick, life story, Mackenzie, Psychotherapy, Williams",0,256,http://behaviouralscience.net/2008/10/20/the-implicit-contract-by-therapist-and-patient-in-psychotherapy/,posts_markdown/2008-10-20-the-implicit-contract-by-therapist-and-patient-in-psychotherapy.md
post,103,2008-10-12T11:15:46+02:00,More on the Topic of Experience in Psychotherapy,more-on-the-topic-of-experience-in-psychotherapy,Clinical Decision Making,"Beck, Case Formulations, Chadwick, Experience, Fothergill, Kuyken, Musa, Psychotherapy",1,456,http://behaviouralscience.net/2008/10/12/more-on-the-topic-of-experience-in-psychotherapy/,posts_markdown/2008-10-12-more-on-the-topic-of-experience-in-psychotherapy.md
post,96,2008-10-07T16:02:45+02:00,Self-Enhancement: A Universal Process with Culture-Specific Content?,self-enhancement-a-universal-process-with-culture-specific-content,Social Psychology,"Culture, Panculturalists, Self-Enhancement, self-esteem, universal process, Universalists",1,919,http://behaviouralscience.net/2008/10/07/self-enhancement-a-universal-process-with-culture-specific-content/,posts_markdown/2008-10-07-self-enhancement-a-universal-process-with-culture-specific-content.md
post,101,2008-10-03T15:09:58+02:00,Differences between Clinicians with Different Levels of Experience,differences-between-clinicians-with-different-levels-of-experience,Clinical Decision Making,"Brammer, Claiborn, diagnosis, Expert Psychologists, Hillerbrand, therapists",0,1019,http://behaviouralscience.net/2008/10/03/differences-between-clinicians-with-different-levels-of-experience/,posts_markdown/2008-10-03-differences-between-clinicians-with-different-levels-of-experience.md
post,93,2008-09-30T21:56:17+02:00,The Influence of Aging Self-Stereotypes on Strategy Change from Goal Assimilation to Goal Accommodation,the-influence-of-aging-self-stereotypes-on-strategy-change-from-goal-assimilation-to-goal-accommodation,Social Psychology,"aging, Aging Stereotype, elderly, Goal Accomodation, Goal Assimilation, Goals, implicit stereotypen, Motivation",1,1639,http://behaviouralscience.net/2008/09/30/the-influence-of-aging-self-stereotypes-on-strategy-change-from-goal-assimilation-to-goal-accommodation/,posts_markdown/2008-09-30-the-influence-of-aging-self-stereotypes-on-strategy-change-from-goal-assimilation-to-goal-accommodation.md
post,98,2008-09-26T10:01:54+02:00,The descriptive approach of the DSM – why clinicians love it – and don’t adhere to it anyway,the-descriptive-approach-of-the-dsm-%e2%80%93-why-clinicians-love-it-%e2%80%93-and-don%e2%80%99t-adhere-to-it-anyway,Clinical Psychology,"Classification, DSM, symptoms, therapists",0,303,http://behaviouralscience.net/2008/09/26/the-descriptive-approach-of-the-dsm-%e2%80%93-why-clinicians-love-it-%e2%80%93-and-don%e2%80%99t-adhere-to-it-anyway/,posts_markdown/2008-09-26-the-descriptive-approach-of-the-dsm-%e2%80%93-why-clinicians-love-it-%e2%80%93-and-don%e2%80%99t-adhere-to-it-anyway.md
post,90,2008-09-22T21:54:33+02:00,Questions about “The Self”,questions-about-the-self,Social Psychology,"Boer, Descartes, Epstein, Heine, Kitayama, Korf, Lehman, Markus, Nijenhuis, Paans, Reinders, Ross, self-esteem, self-perception, The Self, Willemsen, Wilson",1,951,http://behaviouralscience.net/2008/09/22/questions-about-the-self/,posts_markdown/2008-09-22-questions-about-the-self.md
post,114,2008-08-02T22:32:04+02:00,"Non-verbal Behavior at Age 2 is significantly related to Language, Communication, and Social Outcome at Age 7",non-verbal-behavior-at-age-2-is-significantly-related-to-language-communication-and-social-outcome-at-age-7,Clinical Psychology,"Charman, developmental psychopathology, heterotypical development, non-verbal behaviour",0,115,http://behaviouralscience.net/2008/08/02/non-verbal-behavior-at-age-2-is-significantly-related-to-language-communication-and-social-outcome-at-age-7/,posts_markdown/2008-08-02-non-verbal-behavior-at-age-2-is-significantly-related-to-language-communication-and-social-outcome-at-age-7.md
post,111,2008-07-13T10:28:36+02:00,The Probabilistic Nature of Behavioural Phenotypes,the-probabilistic-nature-of-behavioural-phenotypes,Research Methodology,"Behavioural Phenotypes, developmental psychopathology, Psychotherapy, Risk Factors",0,249,http://behaviouralscience.net/2008/07/13/the-probabilistic-nature-of-behavioural-phenotypes/,posts_markdown/2008-07-13-the-probabilistic-nature-of-behavioural-phenotypes.md
post,28,2008-06-07T17:20:13+02:00,Can People who lack Self-Regulation Skills still have Satisfying and Well-functioning Relationships?,satisfying-relationship-without-self-regulation-skill,Social Psychology,"Anderson, Baumeister, Bente, Bischoping, Campbell, Cariocco, Donaghy, ego depletion, Finkel, Heatherton, implus-regulation, Kumashiro, Leaper, Metzmacher, Muraven, Nauts, relationship, relationship-satisfaction, Rommerswinkel, Sedikides, self-presentation, self-regulation, Suwelack, Vohs",5,1462,http://behaviouralscience.net/2008/06/07/satisfying-relationship-without-self-regulation-skill/,posts_markdown/2008-06-07-satisfying-relationship-without-self-regulation-skill.md
post,26,2008-05-13T20:46:40+02:00,Are We Strangers to Ourselves?,are-we-strangers-to-ourselves,Social Psychology,"Bem, Deutsch, explicit self, feedback, implicit self, Roos Vonk, self-knowledge, self-perception, social comparison, Strack",0,510,http://behaviouralscience.net/2008/05/13/are-we-strangers-to-ourselves/,posts_markdown/2008-05-13-are-we-strangers-to-ourselves.md
post,25,2008-05-06T11:09:18+02:00,Discussion during the third European Workshop on Causal Reasoning in Clinical Decision Making,discussion-during-the-third-european-workshop-on-causal-reasoning-in-clinical-decision-making,Clinical Decision Making,"causal models, causal reasoning, causality, Clinical Decision Making, critical case, function analysis, level of abstration, notes, research",0,447,http://behaviouralscience.net/2008/05/06/discussion-during-the-third-european-workshop-on-causal-reasoning-in-clinical-decision-making/,posts_markdown/2008-05-06-discussion-during-the-third-european-workshop-on-causal-reasoning-in-clinical-decision-making.md
post,22,2008-04-02T01:07:05+02:00,Unaided Categorical Psychodiagnosis is not Coherent with Normative Models,unaided-categorical-psychodiagnosis-is-not-coherent-with-normative-models,Research Methodology,"diagnosis, normative models, unaided categorical psychodiagnosis",1,95,http://behaviouralscience.net/2008/04/02/unaided-categorical-psychodiagnosis-is-not-coherent-with-normative-models/,posts_markdown/2008-04-02-unaided-categorical-psychodiagnosis-is-not-coherent-with-normative-models.md
post,24,2008-04-01T01:12:25+02:00,Experimental Design for the Study of Explanatory Diagnosis,experimental-design-for-the-study-of-explanatory-diagnosis,Research Methodology,"clinician, experimental design, explanatory diagnosis, patient cases, study",0,188,http://behaviouralscience.net/2008/04/01/experimental-design-for-the-study-of-explanatory-diagnosis/,posts_markdown/2008-04-01-experimental-design-for-the-study-of-explanatory-diagnosis.md
post,21,2008-04-01T01:02:52+02:00,Developmental Psychopathology,developmental-psychopathology,Clinical Psychology,"affect regulation, child, development, developmental psychopathology, family, mental health, microsystem, research",0,517,http://behaviouralscience.net/2008/04/01/developmental-psychopathology/,posts_markdown/2008-04-01-developmental-psychopathology.md
post,20,2008-03-02T08:40:37+02:00,Virtual Race Manipulation,virtual-race-manipulation,Social Cognition,"bushalte-experiment, Daniel Wigboldus, Interracial Contact on Executive Functioning, interracial interaction, Lenggenhager, racial IAT, Richeson, Shelton, Video Ergo Sum",0,404,http://behaviouralscience.net/2008/03/02/virtual-race-manipulation/,posts_markdown/2008-03-02-virtual-race-manipulation.md
post,18,2008-02-21T08:33:36+02:00,Differences in Impulsive Processes,differences-in-impulsive-processes,Behavioural Regulation,"associative store, automatic effects, Deutsch, reflective system, Strack",0,373,http://behaviouralscience.net/2008/02/21/differences-in-impulsive-processes/,posts_markdown/2008-02-21-differences-in-impulsive-processes.md
post,17,2008-02-14T08:29:46+02:00,Chicken or Egg – Smoking and Stress/Negative Affect,smoking-stress-negative-affect,Clinical Psychology,"mesolimbic neurons, negative affect, nicotine, nicotine cholinergic receptors, psychopharmacology, relaxation, Reward, Smoking, stress, Terror Management theory",6,813,http://behaviouralscience.net/2008/02/14/smoking-stress-negative-affect/,posts_markdown/2008-02-14-smoking-stress-negative-affect.md
post,16,2008-02-07T08:23:53+02:00,The Role of Deliberative Processing in Behavioural Regulation,the-role-of-deliberative-processing-in-behavioural-regulation,Behavioural Regulation,"automatic, behaviour, Behavioural Regulation, deliberation, deliberative processing, Deutsch, Fazio, Gollwitzer, Implementation Intention, impulsive, Impulsive Action, Mode-Model, model, Pochaska, Strack, Wong, Yon",0,719,http://behaviouralscience.net/2008/02/07/the-role-of-deliberative-processing-in-behavioural-regulation/,posts_markdown/2008-02-07-the-role-of-deliberative-processing-in-behavioural-regulation.md
post,15,2008-01-31T08:00:04+02:00,Learn to like – Implementation Intention & Affect,learn-to-like-%e2%80%93-implementation-intention-affect,Behavioural Regulation,"Aarts, Affect, automatic behavior, Cooke, Custers, Dijksterhuis, Förster, Friedman, Gollwitzer, Hassin, Henk Aarts, Holland, Implementation Intention, Kahnemann, Langendam, Liberman, mesolimbic system, natural habits, research proposal, Rivis, Ruud Custers, Sheeran, Tversky, Webb",5,2473,http://behaviouralscience.net/2008/01/31/learn-to-like-%e2%80%93-implementation-intention-affect/,posts_markdown/2008-01-31-learn-to-like-%e2%80%93-implementation-intention-affect.md
post,13,2007-11-07T01:14:27+02:00,Free Will and Consciousness,free-will-and-consciousness,Philosophy,"Backdating, behaviour, consciousness, Cunningham, delay, Free Will, Libet, Nørretranders, Wegner",0,810,http://behaviouralscience.net/2007/11/07/free-will-and-consciousness/,posts_markdown/2007-11-07-free-will-and-consciousness.md
post,12,2007-10-31T06:09:52+02:00,The Whorfian Hypothesis: Language and Thought,the-whorfian-hypothesis-language-and-thought,Philosophy,"Ameel, Boroditsky, categorization, Cheng, Kemmelmeier, Language, linguistic determinism, linguistic relativism, Malt, Memory, Noam Chomsky, Pinker, Sapir-Whorf Hypothesis, Schooler, self-perception, Sloman, spatial orientation, Steven Pinker, Storms, Thought, Whorf",1,948,http://behaviouralscience.net/2007/10/31/the-whorfian-hypothesis-language-and-thought/,posts_markdown/2007-10-31-the-whorfian-hypothesis-language-and-thought.md
post,11,2007-10-09T22:57:09+02:00,Ego Depletion & Executive Functioning,ego_depletion_executive_functioning,Social Psychology,"Baumeister, Ciarocco, Daniels, ego depletion, Fisher, high maintenance interaction, HMI, Lassiter, Muraven, Richeson, Schmeichel, Schneider, self-monitoring, self-presentation, Sheeran, Shelton, Smith, Social Psychology, Tice, Twenge, Vohs, Webb, Wegner, Weiland",7,1431,http://behaviouralscience.net/2007/10/09/ego_depletion_executive_functioning/,posts_markdown/2007-10-09-ego_depletion_executive_functioning.md
post,10,2007-10-09T13:16:12+02:00,Embodied Embedded Cognition,embodied-embedded-cognition,Philosophy,"Damasio, Embodied Embedded Cognition, Information retrieval, neurocognition, Rolls, Wong, Yao",1,546,http://behaviouralscience.net/2007/10/09/embodied-embedded-cognition/,posts_markdown/2007-10-09-embodied-embedded-cognition.md
post,9,2007-09-29T09:55:16+02:00,NLP Magic,nlp-magic,Loosely Related,"Derren Brown, hypnosis, Magic, mind control, NLP, subliminal, Trick of the Mind",1,95,http://behaviouralscience.net/2007/09/29/nlp-magic/,posts_markdown/2007-09-29-nlp-magic.md
post,7,2007-09-27T11:09:24+02:00,Why Evolutionary Psychology is a Valid Approach for Studying Human Behaviour.,why-evolutionary-psychology-is-a-valid-approach-for-studying-human-behaviour,Philosophy,"darwin, Evolution, Evolutionary Psychology, philosophy of science",1,725,http://behaviouralscience.net/2007/09/27/why-evolutionary-psychology-is-a-valid-approach-for-studying-human-behaviour/,posts_markdown/2007-09-27-why-evolutionary-psychology-is-a-valid-approach-for-studying-human-behaviour.md
page,373,2010-02-06T22:31:12+01:00,Christina Summerdyk,christina-summerdyk,,,0,23,http://behaviouralscience.net/about-behavioural-science-blog/christina-summerdyk/,pages_markdown/christina-summerdyk.md
page,370,2010-02-06T22:24:13+01:00,Contact,contact,,,0,0,http://behaviouralscience.net/contact/,pages_markdown/contact.md
page,348,2010-01-13T19:33:35+01:00,Martin Metzmacher,martin-metzmacher,,,0,181,http://behaviouralscience.net/about-behavioural-science-blog/martin-metzmacher/,pages_markdown/martin-metzmacher.md
page,85,2008-09-22T21:36:59+02:00,Scientific Blogging,scientific-blogging,,,0,187,http://behaviouralscience.net/scientific-blogging/,pages_markdown/scientific-blogging.md
page,37,2008-07-23T14:54:49+02:00,Behavioural Science Videos,behavioural-science-videos,,,0,29,http://behaviouralscience.net/behavioural-science-videos/,pages_markdown/behavioural-science-videos.md
page,30,2008-07-23T13:55:15+02:00,Behavioural Science,behavioural-science,,,0,128,http://behaviouralscience.net/behavioural-science/,pages_markdown/behavioural-science.md
page,2,2007-09-02T00:49:52+00:00,About this Blog,about-behavioural-science-blog,,,0,207,http://behaviouralscience.net/about-behavioural-science-blog/,pages_markdown/about-behavioural-science-blog.md
