type,title,original_url,path,slug,short_url,guid_url,proposed_target_path
post,Preface to “Change! &#8211; Use habits to effortless improve your life.” (Version 0.1),http://behaviouralscience.net/2013/08/28/preface-to-change-use-habits-to-effortless-improve-your-life-version-0-1/,/2013/08/28/preface-to-change-use-habits-to-effortless-improve-your-life-version-0-1/,preface-to-change-use-habits-to-effortless-improve-your-life-version-0-1,https://wp.me/p6PBZ-7O,http://behaviouralscience.net/?p=484,/posts/preface-to-change-use-habits-to-effortless-improve-your-life-version-0-1/
post,The Behavioural Science Blog in 2010,http://behaviouralscience.net/2011/01/02/the-behavioural-science-blog-in-2010/,/2011/01/02/the-behavioural-science-blog-in-2010/,the-behavioural-science-blog-in-2010,https://wp.me/p6PBZ-6G,http://behaviouralscience.net/?p=414,/posts/the-behavioural-science-blog-in-2010/
post,Forget the Cinderella effect: stepparents are just as likely to kill their biological children as their stepchildren,http://behaviouralscience.net/2010/12/26/forget-the-cinderella-effect-stepparents-are-just-as-likely-to-kill-their-biological-children-as-their-stepchildren/,/2010/12/26/forget-the-cinderella-effect-stepparents-are-just-as-likely-to-kill-their-biological-children-as-their-stepchildren/,forget-the-cinderella-effect-stepparents-are-just-as-likely-to-kill-their-biological-children-as-their-stepchildren,https://wp.me/p6PBZ-6C,http://behaviouralscience.net/?p=410,/posts/forget-the-cinderella-effect-stepparents-are-just-as-likely-to-kill-their-biological-children-as-their-stepchildren/
post,Dan Ariely: It&#8217;s OK to cheat and steal (sometimes),http://behaviouralscience.net/2010/04/05/dan-ariely-its-ok-to-cheat-and-steal-sometimes/,/2010/04/05/dan-ariely-its-ok-to-cheat-and-steal-sometimes/,dan-ariely-its-ok-to-cheat-and-steal-sometimes,https://wp.me/p6PBZ-6o,http://behaviouralscience.net/?p=396,/posts/dan-ariely-its-ok-to-cheat-and-steal-sometimes/
post,The Secret: Force of the universe or unconscious goal priming?,http://behaviouralscience.net/2010/03/28/the-secret-force-of-the-universe-or-unconscious-goal-priming/,/2010/03/28/the-secret-force-of-the-universe-or-unconscious-goal-priming/,the-secret-force-of-the-universe-or-unconscious-goal-priming,https://wp.me/p6PBZ-6j,http://behaviouralscience.net/?p=391,/posts/the-secret-force-of-the-universe-or-unconscious-goal-priming/
post,Gigerenzer: The Intelligence of the Unconscious,http://behaviouralscience.net/2010/03/24/gigerenzer-the-intelligence-of-the-unconscious/,/2010/03/24/gigerenzer-the-intelligence-of-the-unconscious/,gigerenzer-the-intelligence-of-the-unconscious,https://wp.me/p6PBZ-6d,http://behaviouralscience.net/?p=385,/posts/gigerenzer-the-intelligence-of-the-unconscious/
post,Dan Fitzgerald about fMRI &#8211; Video interview,http://behaviouralscience.net/2010/02/06/dan-fitzgerald-about-fmri-video-interview/,/2010/02/06/dan-fitzgerald-about-fmri-video-interview/,dan-fitzgerald-about-fmri-video-interview,https://wp.me/p6PBZ-5O,http://behaviouralscience.net/?p=360,/posts/dan-fitzgerald-about-fmri-video-interview/
post,Behavioural Science Top 5,http://behaviouralscience.net/2010/01/20/behavioural-science-top-5/,/2010/01/20/behavioural-science-top-5/,behavioural-science-top-5,https://wp.me/p6PBZ-5v,http://behaviouralscience.net/?p=341,/posts/behavioural-science-top-5/
post,Blog stats january 2010,http://behaviouralscience.net/2010/01/16/blog-stats-january-2010/,/2010/01/16/blog-stats-january-2010/,blog-stats-january-2010,https://wp.me/p6PBZ-5J,http://behaviouralscience.net/?p=355,/posts/blog-stats-january-2010/
post,Upcoming Blogposts February 2010,http://behaviouralscience.net/2010/01/13/upcoming-blogposts-february-2010/,/2010/01/13/upcoming-blogposts-february-2010/,upcoming-blogposts-february-2010,https://wp.me/p6PBZ-5n,http://behaviouralscience.net/?p=333,/posts/upcoming-blogposts-february-2010/
post,New Authors &#8211; Welcome!,http://behaviouralscience.net/2010/01/12/new-authors-welcome/,/2010/01/12/new-authors-welcome/,new-authors-welcome,https://wp.me/p6PBZ-5a,http://behaviouralscience.net/?p=320,/posts/new-authors-welcome/
post,How popular beliefs about obesity contribute to the growing problem,http://behaviouralscience.net/2009/11/20/popular-beliefs-obesity-contribute-to-problem/,/2009/11/20/popular-beliefs-obesity-contribute-to-problem/,popular-beliefs-obesity-contribute-to-problem,https://wp.me/p6PBZ-4L,http://behaviouralscience.net/?p=295,/posts/popular-beliefs-obesity-contribute-to-problem/
post,Research on classification and case formulation,http://behaviouralscience.net/2009/11/10/research-on-classification-case-formulation/,/2009/11/10/research-on-classification-case-formulation/,research-on-classification-case-formulation,https://wp.me/p6PBZ-4M,http://behaviouralscience.net/?p=296,/posts/research-on-classification-case-formulation/
post,How do biases affect decision making in mental health?,http://behaviouralscience.net/2009/10/26/how-do-biases-affect-decision-making-in-mental-health/,/2009/10/26/how-do-biases-affect-decision-making-in-mental-health/,how-do-biases-affect-decision-making-in-mental-health,https://wp.me/p6PBZ-4I,http://behaviouralscience.net/?p=292,/posts/how-do-biases-affect-decision-making-in-mental-health/
post,Treatment Decisions of Mental Health Profesionals,http://behaviouralscience.net/2009/10/25/treatment-decisions-of-mental-health-profesionals/,/2009/10/25/treatment-decisions-of-mental-health-profesionals/,treatment-decisions-of-mental-health-profesionals,https://wp.me/p6PBZ-4G,http://behaviouralscience.net/?p=290,/posts/treatment-decisions-of-mental-health-profesionals/
post,Behavioural Science Blog development,http://behaviouralscience.net/2009/09/17/behavioural-science-blog-development/,/2009/09/17/behavioural-science-blog-development/,behavioural-science-blog-development,https://wp.me/p6PBZ-4z,http://behaviouralscience.net/?p=283,/posts/behavioural-science-blog-development/
post,"Dan Ariely asks, Are we in control of our own decisions?",http://behaviouralscience.net/2009/08/22/dan-ariely-asks-are-we-in-control-of-our-own-decisions/,/2009/08/22/dan-ariely-asks-are-we-in-control-of-our-own-decisions/,dan-ariely-asks-are-we-in-control-of-our-own-decisions,https://wp.me/p6PBZ-3D,http://behaviouralscience.net/?p=225,/posts/dan-ariely-asks-are-we-in-control-of-our-own-decisions/
post,Graduate School 101,http://behaviouralscience.net/2009/06/29/graduate-school-101/,/2009/06/29/graduate-school-101/,graduate-school-101,https://wp.me/p6PBZ-43,http://behaviouralscience.net/?p=251,/posts/graduate-school-101/
post,How do you like to consume your information?,http://behaviouralscience.net/2009/06/12/how-do-you-like-to-consume-your-information/,/2009/06/12/how-do-you-like-to-consume-your-information/,how-do-you-like-to-consume-your-information,https://wp.me/p6PBZ-3U,http://behaviouralscience.net/?p=242,/posts/how-do-you-like-to-consume-your-information/
post,Why are we happy?,http://behaviouralscience.net/2009/06/11/why-are-we-happy/,/2009/06/11/why-are-we-happy/,why-are-we-happy,https://wp.me/p6PBZ-3O,http://behaviouralscience.net/?p=236,/posts/why-are-we-happy/
post,Unconscious Perception: Reply by Tom Wootton,http://behaviouralscience.net/2009/03/13/unconscious-perception-reply-by-tom-wootton/,/2009/03/13/unconscious-perception-reply-by-tom-wootton/,unconscious-perception-reply-by-tom-wootton,https://wp.me/p6PBZ-3v,http://behaviouralscience.net/?p=217,/posts/unconscious-perception-reply-by-tom-wootton/
post,Dissertation: The allures of forbidden food,http://behaviouralscience.net/2009/03/03/dissertation-the-allures-of-forbidden-food/,/2009/03/03/dissertation-the-allures-of-forbidden-food/,dissertation-the-allures-of-forbidden-food,https://wp.me/p6PBZ-34,http://behaviouralscience.net/?p=190,/posts/dissertation-the-allures-of-forbidden-food/
post,Unconscious perceptual processes,http://behaviouralscience.net/2009/02/23/unconscious-perceptual-processes/,/2009/02/23/unconscious-perceptual-processes/,unconscious-perceptual-processes,https://wp.me/p6PBZ-3e,http://behaviouralscience.net/?p=200,/posts/unconscious-perceptual-processes/
post,Behavioral Assessment of Social Anxiety in the Free Speech Task,http://behaviouralscience.net/2008/12/14/behavioral-assessment-of-social-anxiety-in-the-free-speech-task/,/2008/12/14/behavioral-assessment-of-social-anxiety-in-the-free-speech-task/,behavioral-assessment-of-social-anxiety-in-the-free-speech-task,https://wp.me/p6PBZ-2O,http://behaviouralscience.net/?p=174,/posts/behavioral-assessment-of-social-anxiety-in-the-free-speech-task/
post,The Downside of the Glorious RCTs,http://behaviouralscience.net/2008/12/05/the-downside-of-the-glorious-rcts/,/2008/12/05/the-downside-of-the-glorious-rcts/,the-downside-of-the-glorious-rcts,https://wp.me/p6PBZ-25,https://behaviouralscience.wordpress.com/?p=129,/posts/the-downside-of-the-glorious-rcts/
post,The Origins of FAD therapies,http://behaviouralscience.net/2008/11/30/the-origins-of-fad-therapies/,/2008/11/30/the-origins-of-fad-therapies/,the-origins-of-fad-therapies,https://wp.me/p6PBZ-22,https://behaviouralscience.wordpress.com/?p=126,/posts/the-origins-of-fad-therapies/
post,Advantages and Risks of Internet-Based Psychotherapy,http://behaviouralscience.net/2008/11/26/advantages-and-risks-of-internet-based-psychotherapy/,/2008/11/26/advantages-and-risks-of-internet-based-psychotherapy/,advantages-and-risks-of-internet-based-psychotherapy,https://wp.me/p6PBZ-20,https://behaviouralscience.wordpress.com/?p=124,/posts/advantages-and-risks-of-internet-based-psychotherapy/
post,Why a Computerized Decision System does not always lead to the Correct DSM-Classification,http://behaviouralscience.net/2008/11/22/why-a-computerized-decision-system-does-not-always-lead-to-the-correct-dsm-classification/,/2008/11/22/why-a-computerized-decision-system-does-not-always-lead-to-the-correct-dsm-classification/,why-a-computerized-decision-system-does-not-always-lead-to-the-correct-dsm-classification,https://wp.me/p6PBZ-1Y,https://behaviouralscience.wordpress.com/?p=122,/posts/why-a-computerized-decision-system-does-not-always-lead-to-the-correct-dsm-classification/
post,Three Recent Applications of Virtual Reality in Psychotherapy Training,http://behaviouralscience.net/2008/11/15/three-recent-applications-of-virtual-reality-in-psychotherapy-training/,/2008/11/15/three-recent-applications-of-virtual-reality-in-psychotherapy-training/,three-recent-applications-of-virtual-reality-in-psychotherapy-training,https://wp.me/p6PBZ-1W,https://behaviouralscience.wordpress.com/?p=120,/posts/three-recent-applications-of-virtual-reality-in-psychotherapy-training/
post,The Motivation for Designing a Computer-assisted Procedure for Training Therapists,http://behaviouralscience.net/2008/11/10/the-motivation-for-designing-a-computer-assisted-procedure-for-training-therapists/,/2008/11/10/the-motivation-for-designing-a-computer-assisted-procedure-for-training-therapists/,the-motivation-for-designing-a-computer-assisted-procedure-for-training-therapists,https://wp.me/p6PBZ-1U,https://behaviouralscience.wordpress.com/?p=118,/posts/the-motivation-for-designing-a-computer-assisted-procedure-for-training-therapists/
post,Universal Self-Enhancement Reloaded:  A Battle of Definitions and Paradigms,http://behaviouralscience.net/2008/11/05/universal-self-enhancement-reloaded-a-battle-of-definitions-and-paradigms/,/2008/11/05/universal-self-enhancement-reloaded-a-battle-of-definitions-and-paradigms/,universal-self-enhancement-reloaded-a-battle-of-definitions-and-paradigms,https://wp.me/p6PBZ-2o,https://behaviouralscience.wordpress.com/?p=148,/posts/universal-self-enhancement-reloaded-a-battle-of-definitions-and-paradigms/
post,What is Effect Size?,http://behaviouralscience.net/2008/11/03/what-is-effect-size/,/2008/11/03/what-is-effect-size/,what-is-effect-size,https://wp.me/p6PBZ-1S,https://behaviouralscience.wordpress.com/?p=116,/posts/what-is-effect-size/
post,Why the CBCL’s Inter-rater Reliability is poor at the Item and Syndrome level,http://behaviouralscience.net/2008/10/29/why-the-cbcl%e2%80%99s-inter-rater-reliability-is-poor-at-the-item-and-syndrome-level/,/2008/10/29/why-the-cbcl%e2%80%99s-inter-rater-reliability-is-poor-at-the-item-and-syndrome-level/,why-the-cbcl%e2%80%99s-inter-rater-reliability-is-poor-at-the-item-and-syndrome-level,https://wp.me/p6PBZ-1L,https://behaviouralscience.wordpress.com/?p=109,/posts/why-the-cbcl%e2%80%99s-inter-rater-reliability-is-poor-at-the-item-and-syndrome-level/
post,Heterotypic Continuity &amp; Comorbidity,http://behaviouralscience.net/2008/10/22/heterotypic-continuity-and-comorbidit/,/2008/10/22/heterotypic-continuity-and-comorbidit/,heterotypic-continuity-and-comorbidit,https://wp.me/p6PBZ-1J,https://behaviouralscience.wordpress.com/?p=107,/posts/heterotypic-continuity-and-comorbidit/
post,Who is reading this site?,http://behaviouralscience.net/2008/10/21/who-is-reading-this-site/,/2008/10/21/who-is-reading-this-site/,who-is-reading-this-site,https://wp.me/p6PBZ-2j,https://behaviouralscience.wordpress.com/?p=143,/posts/who-is-reading-this-site/
post,The implicit Contract by Therapist and Patient in Psychotherapy,http://behaviouralscience.net/2008/10/20/the-implicit-contract-by-therapist-and-patient-in-psychotherapy/,/2008/10/20/the-implicit-contract-by-therapist-and-patient-in-psychotherapy/,the-implicit-contract-by-therapist-and-patient-in-psychotherapy,https://wp.me/p6PBZ-1H,https://behaviouralscience.wordpress.com/?p=105,/posts/the-implicit-contract-by-therapist-and-patient-in-psychotherapy/
post,More on the Topic of Experience in Psychotherapy,http://behaviouralscience.net/2008/10/12/more-on-the-topic-of-experience-in-psychotherapy/,/2008/10/12/more-on-the-topic-of-experience-in-psychotherapy/,more-on-the-topic-of-experience-in-psychotherapy,https://wp.me/p6PBZ-1F,https://behaviouralscience.wordpress.com/?p=103,/posts/more-on-the-topic-of-experience-in-psychotherapy/
post,Self-Enhancement: A Universal Process with Culture-Specific Content?,http://behaviouralscience.net/2008/10/07/self-enhancement-a-universal-process-with-culture-specific-content/,/2008/10/07/self-enhancement-a-universal-process-with-culture-specific-content/,self-enhancement-a-universal-process-with-culture-specific-content,https://wp.me/p6PBZ-1y,https://behaviouralscience.wordpress.com/?p=96,/posts/self-enhancement-a-universal-process-with-culture-specific-content/
post,Differences between Clinicians with Different Levels of Experience,http://behaviouralscience.net/2008/10/03/differences-between-clinicians-with-different-levels-of-experience/,/2008/10/03/differences-between-clinicians-with-different-levels-of-experience/,differences-between-clinicians-with-different-levels-of-experience,https://wp.me/p6PBZ-1D,https://behaviouralscience.wordpress.com/?p=101,/posts/differences-between-clinicians-with-different-levels-of-experience/
post,The Influence of Aging Self-Stereotypes on Strategy Change from Goal Assimilation to Goal Accommodation,http://behaviouralscience.net/2008/09/30/the-influence-of-aging-self-stereotypes-on-strategy-change-from-goal-assimilation-to-goal-accommodation/,/2008/09/30/the-influence-of-aging-self-stereotypes-on-strategy-change-from-goal-assimilation-to-goal-accommodation/,the-influence-of-aging-self-stereotypes-on-strategy-change-from-goal-assimilation-to-goal-accommodation,https://wp.me/p6PBZ-1v,https://behaviouralscience.wordpress.com/?p=93,/posts/the-influence-of-aging-self-stereotypes-on-strategy-change-from-goal-assimilation-to-goal-accommodation/
post,The descriptive approach of the DSM – why clinicians love it – and don’t adhere to it anyway,http://behaviouralscience.net/2008/09/26/the-descriptive-approach-of-the-dsm-%e2%80%93-why-clinicians-love-it-%e2%80%93-and-don%e2%80%99t-adhere-to-it-anyway/,/2008/09/26/the-descriptive-approach-of-the-dsm-%e2%80%93-why-clinicians-love-it-%e2%80%93-and-don%e2%80%99t-adhere-to-it-anyway/,the-descriptive-approach-of-the-dsm-%e2%80%93-why-clinicians-love-it-%e2%80%93-and-don%e2%80%99t-adhere-to-it-anyway,https://wp.me/p6PBZ-1A,https://behaviouralscience.wordpress.com/?p=98,/posts/the-descriptive-approach-of-the-dsm-%e2%80%93-why-clinicians-love-it-%e2%80%93-and-don%e2%80%99t-adhere-to-it-anyway/
post,Questions about &#8220;The Self&#8221;,http://behaviouralscience.net/2008/09/22/questions-about-the-self/,/2008/09/22/questions-about-the-self/,questions-about-the-self,https://wp.me/p6PBZ-1s,https://behaviouralscience.wordpress.com/?p=90,/posts/questions-about-the-self/
post,"Non-verbal Behavior at Age 2 is significantly related to Language, Communication, and Social Outcome at Age 7",http://behaviouralscience.net/2008/08/02/non-verbal-behavior-at-age-2-is-significantly-related-to-language-communication-and-social-outcome-at-age-7/,/2008/08/02/non-verbal-behavior-at-age-2-is-significantly-related-to-language-communication-and-social-outcome-at-age-7/,non-verbal-behavior-at-age-2-is-significantly-related-to-language-communication-and-social-outcome-at-age-7,https://wp.me/p6PBZ-1Q,https://behaviouralscience.wordpress.com/?p=114,/posts/non-verbal-behavior-at-age-2-is-significantly-related-to-language-communication-and-social-outcome-at-age-7/
post,The Probabilistic Nature of Behavioural Phenotypes,http://behaviouralscience.net/2008/07/13/the-probabilistic-nature-of-behavioural-phenotypes/,/2008/07/13/the-probabilistic-nature-of-behavioural-phenotypes/,the-probabilistic-nature-of-behavioural-phenotypes,https://wp.me/p6PBZ-1N,https://behaviouralscience.wordpress.com/?p=111,/posts/the-probabilistic-nature-of-behavioural-phenotypes/
post,Can People who lack Self-Regulation Skills still have Satisfying and Well-functioning Relationships?,http://behaviouralscience.net/2008/06/07/satisfying-relationship-without-self-regulation-skill/,/2008/06/07/satisfying-relationship-without-self-regulation-skill/,satisfying-relationship-without-self-regulation-skill,https://wp.me/p6PBZ-s,https://behaviouralscience.wordpress.com/?p=28,/posts/satisfying-relationship-without-self-regulation-skill/
post,Are We Strangers to Ourselves?,http://behaviouralscience.net/2008/05/13/are-we-strangers-to-ourselves/,/2008/05/13/are-we-strangers-to-ourselves/,are-we-strangers-to-ourselves,https://wp.me/p6PBZ-q,https://behaviouralscience.wordpress.com/?p=26,/posts/are-we-strangers-to-ourselves/
post,Discussion during the third European Workshop on Causal Reasoning in Clinical Decision Making,http://behaviouralscience.net/2008/05/06/discussion-during-the-third-european-workshop-on-causal-reasoning-in-clinical-decision-making/,/2008/05/06/discussion-during-the-third-european-workshop-on-causal-reasoning-in-clinical-decision-making/,discussion-during-the-third-european-workshop-on-causal-reasoning-in-clinical-decision-making,https://wp.me/p6PBZ-p,https://behaviouralscience.wordpress.com/?p=25,/posts/discussion-during-the-third-european-workshop-on-causal-reasoning-in-clinical-decision-making/
post,Unaided Categorical Psychodiagnosis is not Coherent with Normative Models,http://behaviouralscience.net/2008/04/02/unaided-categorical-psychodiagnosis-is-not-coherent-with-normative-models/,/2008/04/02/unaided-categorical-psychodiagnosis-is-not-coherent-with-normative-models/,unaided-categorical-psychodiagnosis-is-not-coherent-with-normative-models,https://wp.me/p6PBZ-m,https://behaviouralscience.wordpress.com/?p=22,/posts/unaided-categorical-psychodiagnosis-is-not-coherent-with-normative-models/
post,Experimental Design for the Study of Explanatory Diagnosis,http://behaviouralscience.net/2008/04/01/experimental-design-for-the-study-of-explanatory-diagnosis/,/2008/04/01/experimental-design-for-the-study-of-explanatory-diagnosis/,experimental-design-for-the-study-of-explanatory-diagnosis,https://wp.me/p6PBZ-o,https://behaviouralscience.wordpress.com/2008/04/01/experimental-design-for-the-study-of-explanatory-diagnosis/,/posts/experimental-design-for-the-study-of-explanatory-diagnosis/
post,Developmental Psychopathology,http://behaviouralscience.net/2008/04/01/developmental-psychopathology/,/2008/04/01/developmental-psychopathology/,developmental-psychopathology,https://wp.me/p6PBZ-l,https://behaviouralscience.wordpress.com/?p=21,/posts/developmental-psychopathology/
post,Virtual Race Manipulation,http://behaviouralscience.net/2008/03/02/virtual-race-manipulation/,/2008/03/02/virtual-race-manipulation/,virtual-race-manipulation,https://wp.me/p6PBZ-k,https://behaviouralscience.wordpress.com/2008/03/02/virtual-race-manipulation/,/posts/virtual-race-manipulation/
post,Differences in Impulsive Processes,http://behaviouralscience.net/2008/02/21/differences-in-impulsive-processes/,/2008/02/21/differences-in-impulsive-processes/,differences-in-impulsive-processes,https://wp.me/p6PBZ-i,https://behaviouralscience.wordpress.com/2008/02/21/differences-in-impulsive-processes/,/posts/differences-in-impulsive-processes/
post,Chicken or Egg – Smoking and Stress/Negative Affect,http://behaviouralscience.net/2008/02/14/smoking-stress-negative-affect/,/2008/02/14/smoking-stress-negative-affect/,smoking-stress-negative-affect,https://wp.me/p6PBZ-h,https://behaviouralscience.wordpress.com/?p=17,/posts/smoking-stress-negative-affect/
post,The Role of Deliberative Processing in Behavioural Regulation,http://behaviouralscience.net/2008/02/07/the-role-of-deliberative-processing-in-behavioural-regulation/,/2008/02/07/the-role-of-deliberative-processing-in-behavioural-regulation/,the-role-of-deliberative-processing-in-behavioural-regulation,https://wp.me/p6PBZ-g,https://behaviouralscience.wordpress.com/?p=16,/posts/the-role-of-deliberative-processing-in-behavioural-regulation/
post,Learn to like – Implementation Intention &amp; Affect,http://behaviouralscience.net/2008/01/31/learn-to-like-%e2%80%93-implementation-intention-affect/,/2008/01/31/learn-to-like-%e2%80%93-implementation-intention-affect/,learn-to-like-%e2%80%93-implementation-intention-affect,https://wp.me/p6PBZ-f,https://behaviouralscience.wordpress.com/?p=15,/posts/learn-to-like-%e2%80%93-implementation-intention-affect/
post,Free Will and Consciousness,http://behaviouralscience.net/2007/11/07/free-will-and-consciousness/,/2007/11/07/free-will-and-consciousness/,free-will-and-consciousness,https://wp.me/p6PBZ-d,https://behaviouralscience.wordpress.com/2007/11/07/free-will-and-consciousness/,/posts/free-will-and-consciousness/
post,The Whorfian Hypothesis: Language and Thought,http://behaviouralscience.net/2007/10/31/the-whorfian-hypothesis-language-and-thought/,/2007/10/31/the-whorfian-hypothesis-language-and-thought/,the-whorfian-hypothesis-language-and-thought,https://wp.me/p6PBZ-c,https://behaviouralscience.wordpress.com/2007/10/31/the-whorfian-hypothesis-language-and-thought/,/posts/the-whorfian-hypothesis-language-and-thought/
post,Ego Depletion &amp; Executive Functioning,http://behaviouralscience.net/2007/10/09/ego_depletion_executive_functioning/,/2007/10/09/ego_depletion_executive_functioning/,ego_depletion_executive_functioning,https://wp.me/p6PBZ-b,https://behaviouralscience.wordpress.com/2007/10/09/ego_depletion_executive_functioning/,/posts/ego_depletion_executive_functioning/
post,Embodied Embedded Cognition,http://behaviouralscience.net/2007/10/09/embodied-embedded-cognition/,/2007/10/09/embodied-embedded-cognition/,embodied-embedded-cognition,https://wp.me/p6PBZ-a,https://behaviouralscience.wordpress.com/2007/10/09/embodied-embedded-cognition/,/posts/embodied-embedded-cognition/
post,NLP Magic,http://behaviouralscience.net/2007/09/29/nlp-magic/,/2007/09/29/nlp-magic/,nlp-magic,https://wp.me/p6PBZ-9,https://behaviouralscience.wordpress.com/2007/09/29/nlp-magic/,/posts/nlp-magic/
post,Why Evolutionary Psychology is a Valid Approach for Studying Human Behaviour.,http://behaviouralscience.net/2007/09/27/why-evolutionary-psychology-is-a-valid-approach-for-studying-human-behaviour/,/2007/09/27/why-evolutionary-psychology-is-a-valid-approach-for-studying-human-behaviour/,why-evolutionary-psychology-is-a-valid-approach-for-studying-human-behaviour,https://wp.me/p6PBZ-7,https://behaviouralscience.wordpress.com/2007/09/27/why-evolutionary-psychology-is-a-valid-approach-for-studying-human-behaviour/,/posts/why-evolutionary-psychology-is-a-valid-approach-for-studying-human-behaviour/
page,Christina Summerdyk,http://behaviouralscience.net/about-behavioural-science-blog/christina-summerdyk/,/about-behavioural-science-blog/christina-summerdyk/,christina-summerdyk,https://wp.me/P6PBZ-61,http://behaviouralscience.net/?page_id=373,/christina-summerdyk/
page,Contact,http://behaviouralscience.net/contact/,/contact/,contact,https://wp.me/P6PBZ-5Y,http://behaviouralscience.net/contact/,/contact/
page,Martin Metzmacher,http://behaviouralscience.net/about-behavioural-science-blog/martin-metzmacher/,/about-behavioural-science-blog/martin-metzmacher/,martin-metzmacher,https://wp.me/P6PBZ-5C,http://behaviouralscience.net/?page_id=348,/martin-metzmacher/
page,Scientific Blogging,http://behaviouralscience.net/scientific-blogging/,/scientific-blogging/,scientific-blogging,https://wp.me/P6PBZ-1n,https://behaviouralscience.wordpress.com/?page_id=85,/scientific-blogging/
page,Behavioural Science Videos,http://behaviouralscience.net/behavioural-science-videos/,/behavioural-science-videos/,behavioural-science-videos,https://wp.me/P6PBZ-B,https://behaviouralscience.wordpress.com/?page_id=37,/behavioural-science-videos/
page,Behavioural Science,http://behaviouralscience.net/behavioural-science/,/behavioural-science/,behavioural-science,https://wp.me/P6PBZ-u,https://behaviouralscience.wordpress.com/?page_id=30,/behavioural-science/
page,About this Blog,http://behaviouralscience.net/about-behavioural-science-blog/,/about-behavioural-science-blog/,about-behavioural-science-blog,https://wp.me/P6PBZ-2,,/about-behavioural-science-blog/
category,Behavioural Regulation,https://behaviouralscience.net/category/behavioural-regulation/,/category/behavioural-regulation/,behavioural-regulation,,,/category/behavioural-regulation/
category,Behavioural Science,https://behaviouralscience.net/category/behavioural-science/,/category/behavioural-science/,behavioural-science,,,/category/behavioural-science/
category,Clinical Decision Making,https://behaviouralscience.net/category/clinical-decision-making/,/category/clinical-decision-making/,clinical-decision-making,,,/category/clinical-decision-making/
category,Clinical Psychology,https://behaviouralscience.net/category/clinical-psychology/,/category/clinical-psychology/,clinical-psychology,,,/category/clinical-psychology/
category,Decision Making,https://behaviouralscience.net/category/decision-making/,/category/decision-making/,decision-making,,,/category/decision-making/
category,Habits,https://behaviouralscience.net/category/habits/,/category/habits/,habits,,,/category/habits/
category,Loosely Related,https://behaviouralscience.net/category/loosely-related/,/category/loosely-related/,loosely-related,,,/category/loosely-related/
category,Philosophy,https://behaviouralscience.net/category/philosophy/,/category/philosophy/,philosophy,,,/category/philosophy/
category,Research Methodology,https://behaviouralscience.net/category/research-methodology/,/category/research-methodology/,research-methodology,,,/category/research-methodology/
category,Research Skills,https://behaviouralscience.net/category/research-skills/,/category/research-skills/,research-skills,,,/category/research-skills/
category,Social Cognition,https://behaviouralscience.net/category/social-cognition/,/category/social-cognition/,social-cognition,,,/category/social-cognition/
category,Social Psychology,https://behaviouralscience.net/category/social-psychology/,/category/social-psychology/,social-psychology,,,/category/social-psychology/
category,Uncategorized,https://behaviouralscience.net/category/uncategorized/,/category/uncategorized/,uncategorized,,,/category/uncategorized/
tag,AA,https://behaviouralscience.net/tag/aa/,/tag/aa/,aa,,,/tag/aa/
tag,Aarts,https://behaviouralscience.net/tag/aarts/,/tag/aarts/,aarts,,,/tag/aarts/
tag,Affect,https://behaviouralscience.net/tag/affect/,/tag/affect/,affect,,,/tag/affect/
tag,affect regulation,https://behaviouralscience.net/tag/affect-regulation/,/tag/affect-regulation/,affect-regulation,,,/tag/affect-regulation/
tag,aging,https://behaviouralscience.net/tag/aging/,/tag/aging/,aging,,,/tag/aging/
tag,Aging Stereotype,https://behaviouralscience.net/tag/aging-stereotype/,/tag/aging-stereotype/,aging-stereotype,,,/tag/aging-stereotype/
tag,Ahn,https://behaviouralscience.net/tag/ahn/,/tag/ahn/,ahn,,,/tag/ahn/
tag,Ameel,https://behaviouralscience.net/tag/ameel/,/tag/ameel/,ameel,,,/tag/ameel/
tag,Anderson,https://behaviouralscience.net/tag/anderson/,/tag/anderson/,anderson,,,/tag/anderson/
tag,articles,https://behaviouralscience.net/tag/articles/,/tag/articles/,articles,,,/tag/articles/
tag,ASPO,https://behaviouralscience.net/tag/aspo/,/tag/aspo/,aspo,,,/tag/aspo/
tag,associative store,https://behaviouralscience.net/tag/associative-store/,/tag/associative-store/,associative-store,,,/tag/associative-store/
tag,attention,https://behaviouralscience.net/tag/attention/,/tag/attention/,attention,,,/tag/attention/
tag,authors,https://behaviouralscience.net/tag/authors/,/tag/authors/,authors,,,/tag/authors/
tag,automatic,https://behaviouralscience.net/tag/automatic/,/tag/automatic/,automatic,,,/tag/automatic/
tag,automatic behavior,https://behaviouralscience.net/tag/automatic-behavior/,/tag/automatic-behavior/,automatic-behavior,,,/tag/automatic-behavior/
tag,automatic effects,https://behaviouralscience.net/tag/automatic-effects/,/tag/automatic-effects/,automatic-effects,,,/tag/automatic-effects/
tag,automaticity,https://behaviouralscience.net/tag/automaticity/,/tag/automaticity/,automaticity,,,/tag/automaticity/
tag,autopilot,https://behaviouralscience.net/tag/autopilot/,/tag/autopilot/,autopilot,,,/tag/autopilot/
tag,Backdating,https://behaviouralscience.net/tag/backdating/,/tag/backdating/,backdating,,,/tag/backdating/
tag,backlash effect,https://behaviouralscience.net/tag/backlash-effect/,/tag/backlash-effect/,backlash-effect,,,/tag/backlash-effect/
tag,Bargh,https://behaviouralscience.net/tag/bargh/,/tag/bargh/,bargh,,,/tag/bargh/
tag,Baumeister,https://behaviouralscience.net/tag/baumeister/,/tag/baumeister/,baumeister,,,/tag/baumeister/
tag,Beck,https://behaviouralscience.net/tag/beck/,/tag/beck/,beck,,,/tag/beck/
tag,behavioral targeting,https://behaviouralscience.net/tag/behavioral-targeting/,/tag/behavioral-targeting/,behavioral-targeting,,,/tag/behavioral-targeting/
tag,behaviour,https://behaviouralscience.net/tag/behaviour/,/tag/behaviour/,behaviour,,,/tag/behaviour/
tag,behavioural assessment,https://behaviouralscience.net/tag/behavioural-assessment/,/tag/behavioural-assessment/,behavioural-assessment,,,/tag/behavioural-assessment/
tag,Behavioural Change,https://behaviouralscience.net/tag/behavioural-change/,/tag/behavioural-change/,behavioural-change,,,/tag/behavioural-change/
tag,behavioural economy,https://behaviouralscience.net/tag/behavioural-economy/,/tag/behavioural-economy/,behavioural-economy,,,/tag/behavioural-economy/
tag,behavioural indicators,https://behaviouralscience.net/tag/behavioural-indicators/,/tag/behavioural-indicators/,behavioural-indicators,,,/tag/behavioural-indicators/
tag,Behavioural Phenotypes,https://behaviouralscience.net/tag/behavioural-phenotypes/,/tag/behavioural-phenotypes/,behavioural-phenotypes,,,/tag/behavioural-phenotypes/
tag,Behavioural Regulation,https://behaviouralscience.net/tag/behavioural-regulation/,/tag/behavioural-regulation/,behavioural-regulation,,,/tag/behavioural-regulation/
tag,Behavioural Science,https://behaviouralscience.net/tag/behavioural-science/,/tag/behavioural-science/,behavioural-science,,,/tag/behavioural-science/
tag,Behavioural Science Blog,https://behaviouralscience.net/tag/behavioural-science-blog/,/tag/behavioural-science-blog/,behavioural-science-blog,,,/tag/behavioural-science-blog/
tag,Bem,https://behaviouralscience.net/tag/bem/,/tag/bem/,bem,,,/tag/bem/
tag,Bente,https://behaviouralscience.net/tag/bente/,/tag/bente/,bente,,,/tag/bente/
tag,bergman,https://behaviouralscience.net/tag/bergman/,/tag/bergman/,bergman,,,/tag/bergman/
tag,bias,https://behaviouralscience.net/tag/bias/,/tag/bias/,bias,,,/tag/bias/
tag,biases,https://behaviouralscience.net/tag/biases/,/tag/biases/,biases,,,/tag/biases/
tag,Bischoping,https://behaviouralscience.net/tag/bischoping/,/tag/bischoping/,bischoping,,,/tag/bischoping/
tag,blog,https://behaviouralscience.net/tag/blog/,/tag/blog/,blog,,,/tag/blog/
tag,blogging,https://behaviouralscience.net/tag/blogging/,/tag/blogging/,blogging,,,/tag/blogging/
tag,Boer,https://behaviouralscience.net/tag/boer/,/tag/boer/,boer,,,/tag/boer/
tag,book,https://behaviouralscience.net/tag/book/,/tag/book/,book,,,/tag/book/
tag,Boroditsky,https://behaviouralscience.net/tag/boroditsky/,/tag/boroditsky/,boroditsky,,,/tag/boroditsky/
tag,brain,https://behaviouralscience.net/tag/brain/,/tag/brain/,brain,,,/tag/brain/
tag,Brammer,https://behaviouralscience.net/tag/brammer/,/tag/brammer/,brammer,,,/tag/brammer/
tag,Brown,https://behaviouralscience.net/tag/brown/,/tag/brown/,brown,,,/tag/brown/
tag,Brownell,https://behaviouralscience.net/tag/brownell/,/tag/brownell/,brownell,,,/tag/brownell/
tag,Bulik,https://behaviouralscience.net/tag/bulik/,/tag/bulik/,bulik,,,/tag/bulik/
tag,Burruws,https://behaviouralscience.net/tag/burruws/,/tag/burruws/,burruws,,,/tag/burruws/
tag,bushalte-experiment,https://behaviouralscience.net/tag/bushalte-experiment/,/tag/bushalte-experiment/,bushalte-experiment,,,/tag/bushalte-experiment/
tag,Campbell,https://behaviouralscience.net/tag/campbell/,/tag/campbell/,campbell,,,/tag/campbell/
tag,Cariocco,https://behaviouralscience.net/tag/cariocco/,/tag/cariocco/,cariocco,,,/tag/cariocco/
tag,Cartrand,https://behaviouralscience.net/tag/cartrand/,/tag/cartrand/,cartrand,,,/tag/cartrand/
tag,Case Formulations,https://behaviouralscience.net/tag/case-formulations/,/tag/case-formulations/,case-formulations,,,/tag/case-formulations/
tag,categorization,https://behaviouralscience.net/tag/categorization/,/tag/categorization/,categorization,,,/tag/categorization/
tag,causal models,https://behaviouralscience.net/tag/causal-models/,/tag/causal-models/,causal-models,,,/tag/causal-models/
tag,causal reasoning,https://behaviouralscience.net/tag/causal-reasoning/,/tag/causal-reasoning/,causal-reasoning,,,/tag/causal-reasoning/
tag,causality,https://behaviouralscience.net/tag/causality/,/tag/causality/,causality,,,/tag/causality/
tag,CBCL,https://behaviouralscience.net/tag/cbcl/,/tag/cbcl/,cbcl,,,/tag/cbcl/
tag,Chadwick,https://behaviouralscience.net/tag/chadwick/,/tag/chadwick/,chadwick,,,/tag/chadwick/
tag,Change,https://behaviouralscience.net/tag/change/,/tag/change/,change,,,/tag/change/
tag,Chao,https://behaviouralscience.net/tag/chao/,/tag/chao/,chao,,,/tag/chao/
tag,Charman,https://behaviouralscience.net/tag/charman/,/tag/charman/,charman,,,/tag/charman/
tag,cheat,https://behaviouralscience.net/tag/cheat/,/tag/cheat/,cheat,,,/tag/cheat/
tag,Chen,https://behaviouralscience.net/tag/chen/,/tag/chen/,chen,,,/tag/chen/
tag,Cheng,https://behaviouralscience.net/tag/cheng/,/tag/cheng/,cheng,,,/tag/cheng/
tag,child,https://behaviouralscience.net/tag/child/,/tag/child/,child,,,/tag/child/
tag,child homocide,https://behaviouralscience.net/tag/child-homocide/,/tag/child-homocide/,child-homocide,,,/tag/child-homocide/
tag,Chomsky,https://behaviouralscience.net/tag/chomsky/,/tag/chomsky/,chomsky,,,/tag/chomsky/
tag,Christina Sommerdyk,https://behaviouralscience.net/tag/christina-sommerdyk/,/tag/christina-sommerdyk/,christina-sommerdyk,,,/tag/christina-sommerdyk/
tag,Ciarocco,https://behaviouralscience.net/tag/ciarocco/,/tag/ciarocco/,ciarocco,,,/tag/ciarocco/
tag,Claiborn,https://behaviouralscience.net/tag/claiborn/,/tag/claiborn/,claiborn,,,/tag/claiborn/
tag,Classification,https://behaviouralscience.net/tag/classification/,/tag/classification/,classification,,,/tag/classification/
tag,Clinical Decision Making,https://behaviouralscience.net/tag/clinical-decision-making/,/tag/clinical-decision-making/,clinical-decision-making,,,/tag/clinical-decision-making/
tag,clinician,https://behaviouralscience.net/tag/clinician/,/tag/clinician/,clinician,,,/tag/clinician/
tag,Cohen,https://behaviouralscience.net/tag/cohen/,/tag/cohen/,cohen,,,/tag/cohen/
tag,comorbidity,https://behaviouralscience.net/tag/comorbidity/,/tag/comorbidity/,comorbidity,,,/tag/comorbidity/
tag,Computer-assisted,https://behaviouralscience.net/tag/computer-assisted/,/tag/computer-assisted/,computer-assisted,,,/tag/computer-assisted/
tag,consciousness,https://behaviouralscience.net/tag/consciousness/,/tag/consciousness/,consciousness,,,/tag/consciousness/
tag,control,https://behaviouralscience.net/tag/control/,/tag/control/,control,,,/tag/control/
tag,Cooke,https://behaviouralscience.net/tag/cooke/,/tag/cooke/,cooke,,,/tag/cooke/
tag,Crisafulli,https://behaviouralscience.net/tag/crisafulli/,/tag/crisafulli/,crisafulli,,,/tag/crisafulli/
tag,critical case,https://behaviouralscience.net/tag/critical-case/,/tag/critical-case/,critical-case,,,/tag/critical-case/
tag,Crocker,https://behaviouralscience.net/tag/crocker/,/tag/crocker/,crocker,,,/tag/crocker/
tag,Culture,https://behaviouralscience.net/tag/culture/,/tag/culture/,culture,,,/tag/culture/
tag,Cunningham,https://behaviouralscience.net/tag/cunningham/,/tag/cunningham/,cunningham,,,/tag/cunningham/
tag,Custers,https://behaviouralscience.net/tag/custers/,/tag/custers/,custers,,,/tag/custers/
tag,Cybertherapy,https://behaviouralscience.net/tag/cybertherapy/,/tag/cybertherapy/,cybertherapy,,,/tag/cybertherapy/
tag,Daly,https://behaviouralscience.net/tag/daly/,/tag/daly/,daly,,,/tag/daly/
tag,Damasio,https://behaviouralscience.net/tag/damasio/,/tag/damasio/,damasio,,,/tag/damasio/
tag,Dan Ariely,https://behaviouralscience.net/tag/dan-ariely/,/tag/dan-ariely/,dan-ariely,,,/tag/dan-ariely/
tag,Dan Fitzgerald,https://behaviouralscience.net/tag/dan-fitzgerald/,/tag/dan-fitzgerald/,dan-fitzgerald,,,/tag/dan-fitzgerald/
tag,Dan Gilbert,https://behaviouralscience.net/tag/dan-gilbert/,/tag/dan-gilbert/,dan-gilbert,,,/tag/dan-gilbert/
tag,Daniel Fitzgerald,https://behaviouralscience.net/tag/daniel-fitzgerald/,/tag/daniel-fitzgerald/,daniel-fitzgerald,,,/tag/daniel-fitzgerald/
tag,Daniel Wigboldus,https://behaviouralscience.net/tag/daniel-wigboldus/,/tag/daniel-wigboldus/,daniel-wigboldus,,,/tag/daniel-wigboldus/
tag,Daniels,https://behaviouralscience.net/tag/daniels/,/tag/daniels/,daniels,,,/tag/daniels/
tag,darwin,https://behaviouralscience.net/tag/darwin/,/tag/darwin/,darwin,,,/tag/darwin/
tag,Decision Making,https://behaviouralscience.net/tag/decision-making/,/tag/decision-making/,decision-making,,,/tag/decision-making/
tag,Decisions,https://behaviouralscience.net/tag/decisions/,/tag/decisions/,decisions,,,/tag/decisions/
tag,delay,https://behaviouralscience.net/tag/delay/,/tag/delay/,delay,,,/tag/delay/
tag,deliberation,https://behaviouralscience.net/tag/deliberation/,/tag/deliberation/,deliberation,,,/tag/deliberation/
tag,deliberative processing,https://behaviouralscience.net/tag/deliberative-processing/,/tag/deliberative-processing/,deliberative-processing,,,/tag/deliberative-processing/
tag,Derren Brown,https://behaviouralscience.net/tag/derren-brown/,/tag/derren-brown/,derren-brown,,,/tag/derren-brown/
tag,Descartes,https://behaviouralscience.net/tag/descartes/,/tag/descartes/,descartes,,,/tag/descartes/
tag,Deutsch,https://behaviouralscience.net/tag/deutsch/,/tag/deutsch/,deutsch,,,/tag/deutsch/
tag,development,https://behaviouralscience.net/tag/development/,/tag/development/,development,,,/tag/development/
tag,developmental psychopathology,https://behaviouralscience.net/tag/developmental-psychopathology/,/tag/developmental-psychopathology/,developmental-psychopathology,,,/tag/developmental-psychopathology/
tag,diagnosis,https://behaviouralscience.net/tag/diagnosis/,/tag/diagnosis/,diagnosis,,,/tag/diagnosis/
tag,dieting,https://behaviouralscience.net/tag/dieting/,/tag/dieting/,dieting,,,/tag/dieting/
tag,Dijksterhuis,https://behaviouralscience.net/tag/dijksterhuis/,/tag/dijksterhuis/,dijksterhuis,,,/tag/dijksterhuis/
tag,discovery channel,https://behaviouralscience.net/tag/discovery-channel/,/tag/discovery-channel/,discovery-channel,,,/tag/discovery-channel/
tag,dissertation,https://behaviouralscience.net/tag/dissertation/,/tag/dissertation/,dissertation,,,/tag/dissertation/
tag,documentary,https://behaviouralscience.net/tag/documentary/,/tag/documentary/,documentary,,,/tag/documentary/
tag,Donaghy,https://behaviouralscience.net/tag/donaghy/,/tag/donaghy/,donaghy,,,/tag/donaghy/
tag,Dreyfus,https://behaviouralscience.net/tag/dreyfus/,/tag/dreyfus/,dreyfus,,,/tag/dreyfus/
tag,DSM,https://behaviouralscience.net/tag/dsm/,/tag/dsm/,dsm,,,/tag/dsm/
tag,Dualism,https://behaviouralscience.net/tag/dualism/,/tag/dualism/,dualism,,,/tag/dualism/
tag,dynamic systems,https://behaviouralscience.net/tag/dynamic-systems/,/tag/dynamic-systems/,dynamic-systems,,,/tag/dynamic-systems/
tag,Dynamical modeling,https://behaviouralscience.net/tag/dynamical-modeling/,/tag/dynamical-modeling/,dynamical-modeling,,,/tag/dynamical-modeling/
tag,Eating,https://behaviouralscience.net/tag/eating/,/tag/eating/,eating,,,/tag/eating/
tag,Eating Disorders,https://behaviouralscience.net/tag/eating-disorders/,/tag/eating-disorders/,eating-disorders,,,/tag/eating-disorders/
tag,Effectivity,https://behaviouralscience.net/tag/effectivity/,/tag/effectivity/,effectivity,,,/tag/effectivity/
tag,ego depletion,https://behaviouralscience.net/tag/ego-depletion/,/tag/ego-depletion/,ego-depletion,,,/tag/ego-depletion/
tag,elderly,https://behaviouralscience.net/tag/elderly/,/tag/elderly/,elderly,,,/tag/elderly/
tag,Ellis,https://behaviouralscience.net/tag/ellis/,/tag/ellis/,ellis,,,/tag/ellis/
tag,Embodied Embedded Cognition,https://behaviouralscience.net/tag/embodied-embedded-cognition/,/tag/embodied-embedded-cognition/,embodied-embedded-cognition,,,/tag/embodied-embedded-cognition/
tag,embodied embedded cognitions,https://behaviouralscience.net/tag/embodied-embedded-cognitions/,/tag/embodied-embedded-cognitions/,embodied-embedded-cognitions,,,/tag/embodied-embedded-cognitions/
tag,Embregts,https://behaviouralscience.net/tag/embregts/,/tag/embregts/,embregts,,,/tag/embregts/
tag,empirical validation,https://behaviouralscience.net/tag/empirical-validation/,/tag/empirical-validation/,empirical-validation,,,/tag/empirical-validation/
tag,Epstein,https://behaviouralscience.net/tag/epstein/,/tag/epstein/,epstein,,,/tag/epstein/
tag,evidence-based,https://behaviouralscience.net/tag/evidence-based/,/tag/evidence-based/,evidence-based,,,/tag/evidence-based/
tag,Evolution,https://behaviouralscience.net/tag/evolution/,/tag/evolution/,evolution,,,/tag/evolution/
tag,Evolutionary Psychology,https://behaviouralscience.net/tag/evolutionary-psychology/,/tag/evolutionary-psychology/,evolutionary-psychology,,,/tag/evolutionary-psychology/
tag,Experience,https://behaviouralscience.net/tag/experience/,/tag/experience/,experience,,,/tag/experience/
tag,experimental design,https://behaviouralscience.net/tag/experimental-design/,/tag/experimental-design/,experimental-design,,,/tag/experimental-design/
tag,Expert Psychologists,https://behaviouralscience.net/tag/expert-psychologists/,/tag/expert-psychologists/,expert-psychologists,,,/tag/expert-psychologists/
tag,Expert Therapists,https://behaviouralscience.net/tag/expert-therapists/,/tag/expert-therapists/,expert-therapists,,,/tag/expert-therapists/
tag,explanatory diagnosis,https://behaviouralscience.net/tag/explanatory-diagnosis/,/tag/explanatory-diagnosis/,explanatory-diagnosis,,,/tag/explanatory-diagnosis/
tag,explicit self,https://behaviouralscience.net/tag/explicit-self/,/tag/explicit-self/,explicit-self,,,/tag/explicit-self/
tag,Fabricatore,https://behaviouralscience.net/tag/fabricatore/,/tag/fabricatore/,fabricatore,,,/tag/fabricatore/
tag,FAD,https://behaviouralscience.net/tag/fad/,/tag/fad/,fad,,,/tag/fad/
tag,family,https://behaviouralscience.net/tag/family/,/tag/family/,family,,,/tag/family/
tag,fast and frugal heuristics,https://behaviouralscience.net/tag/fast-and-frugal-heuristics/,/tag/fast-and-frugal-heuristics/,fast-and-frugal-heuristics,,,/tag/fast-and-frugal-heuristics/
tag,Fazio,https://behaviouralscience.net/tag/fazio/,/tag/fazio/,fazio,,,/tag/fazio/
tag,Förster,https://behaviouralscience.net/tag/forster/,/tag/forster/,forster,,,/tag/forster/
tag,feedback,https://behaviouralscience.net/tag/feedback/,/tag/feedback/,feedback,,,/tag/feedback/
tag,Fergusson,https://behaviouralscience.net/tag/fergusson/,/tag/fergusson/,fergusson,,,/tag/fergusson/
tag,Finkel,https://behaviouralscience.net/tag/finkel/,/tag/finkel/,finkel,,,/tag/finkel/
tag,Fisher,https://behaviouralscience.net/tag/fisher/,/tag/fisher/,fisher,,,/tag/fisher/
tag,Fitzsimons,https://behaviouralscience.net/tag/fitzsimons/,/tag/fitzsimons/,fitzsimons,,,/tag/fitzsimons/
tag,Flanagan,https://behaviouralscience.net/tag/flanagan/,/tag/flanagan/,flanagan,,,/tag/flanagan/
tag,Fleming,https://behaviouralscience.net/tag/fleming/,/tag/fleming/,fleming,,,/tag/fleming/
tag,fMRI,https://behaviouralscience.net/tag/fmri/,/tag/fmri/,fmri,,,/tag/fmri/
tag,fMRI research,https://behaviouralscience.net/tag/fmri-research/,/tag/fmri-research/,fmri-research,,,/tag/fmri-research/
tag,food,https://behaviouralscience.net/tag/food/,/tag/food/,food,,,/tag/food/
tag,Fothergill,https://behaviouralscience.net/tag/fothergill/,/tag/fothergill/,fothergill,,,/tag/fothergill/
tag,Fred Hasselman,https://behaviouralscience.net/tag/fred-hasselman/,/tag/fred-hasselman/,fred-hasselman,,,/tag/fred-hasselman/
tag,free speech task,https://behaviouralscience.net/tag/free-speech-task/,/tag/free-speech-task/,free-speech-task,,,/tag/free-speech-task/
tag,Free Will,https://behaviouralscience.net/tag/free-will/,/tag/free-will/,free-will,,,/tag/free-will/
tag,Friedman,https://behaviouralscience.net/tag/friedman/,/tag/friedman/,friedman,,,/tag/friedman/
tag,function analysis,https://behaviouralscience.net/tag/function-analysis/,/tag/function-analysis/,function-analysis,,,/tag/function-analysis/
tag,Gaertner,https://behaviouralscience.net/tag/gaertner/,/tag/gaertner/,gaertner,,,/tag/gaertner/
tag,Garb,https://behaviouralscience.net/tag/garb/,/tag/garb/,garb,,,/tag/garb/
tag,Garssen,https://behaviouralscience.net/tag/garssen/,/tag/garssen/,garssen,,,/tag/garssen/
tag,Gerd Gigerenzer,https://behaviouralscience.net/tag/gerd-gigerenzer/,/tag/gerd-gigerenzer/,gerd-gigerenzer,,,/tag/gerd-gigerenzer/
tag,GLM,https://behaviouralscience.net/tag/glm/,/tag/glm/,glm,,,/tag/glm/
tag,Goal Accomodation,https://behaviouralscience.net/tag/goal-accomodation/,/tag/goal-accomodation/,goal-accomodation,,,/tag/goal-accomodation/
tag,goal activation,https://behaviouralscience.net/tag/goal-activation/,/tag/goal-activation/,goal-activation,,,/tag/goal-activation/
tag,Goal Assimilation,https://behaviouralscience.net/tag/goal-assimilation/,/tag/goal-assimilation/,goal-assimilation,,,/tag/goal-assimilation/
tag,goal conflict,https://behaviouralscience.net/tag/goal-conflict/,/tag/goal-conflict/,goal-conflict,,,/tag/goal-conflict/
tag,Goals,https://behaviouralscience.net/tag/goals/,/tag/goals/,goals,,,/tag/goals/
tag,Gollwitzer,https://behaviouralscience.net/tag/gollwitzer/,/tag/gollwitzer/,gollwitzer,,,/tag/gollwitzer/
tag,Google,https://behaviouralscience.net/tag/google/,/tag/google/,google,,,/tag/google/
tag,Goold,https://behaviouralscience.net/tag/goold/,/tag/goold/,goold,,,/tag/goold/
tag,Graduate School,https://behaviouralscience.net/tag/graduate-school/,/tag/graduate-school/,graduate-school,,,/tag/graduate-school/
tag,Gregg,https://behaviouralscience.net/tag/gregg/,/tag/gregg/,gregg,,,/tag/gregg/
tag,Guest Post,https://behaviouralscience.net/tag/guest-post/,/tag/guest-post/,guest-post,,,/tag/guest-post/
tag,Guestpost,https://behaviouralscience.net/tag/guestpost/,/tag/guestpost/,guestpost,,,/tag/guestpost/
tag,Gut Feelings,https://behaviouralscience.net/tag/gut-feelings/,/tag/gut-feelings/,gut-feelings,,,/tag/gut-feelings/
tag,habit,https://behaviouralscience.net/tag/habit/,/tag/habit/,habit,,,/tag/habit/
tag,Habits,https://behaviouralscience.net/tag/habits/,/tag/habits/,habits,,,/tag/habits/
tag,Hamamura,https://behaviouralscience.net/tag/hamamura/,/tag/hamamura/,hamamura,,,/tag/hamamura/
tag,Happiness,https://behaviouralscience.net/tag/happiness/,/tag/happiness/,happiness,,,/tag/happiness/
tag,Hassin,https://behaviouralscience.net/tag/hassin/,/tag/hassin/,hassin,,,/tag/hassin/
tag,Heatherton,https://behaviouralscience.net/tag/heatherton/,/tag/heatherton/,heatherton,,,/tag/heatherton/
tag,Heine,https://behaviouralscience.net/tag/heine/,/tag/heine/,heine,,,/tag/heine/
tag,Henk Aarts,https://behaviouralscience.net/tag/henk-aarts/,/tag/henk-aarts/,henk-aarts,,,/tag/henk-aarts/
tag,Herman,https://behaviouralscience.net/tag/herman/,/tag/herman/,herman,,,/tag/herman/
tag,Heterotypical continuity,https://behaviouralscience.net/tag/heterotypical-continuity/,/tag/heterotypical-continuity/,heterotypical-continuity,,,/tag/heterotypical-continuity/
tag,heterotypical development,https://behaviouralscience.net/tag/heterotypical-development/,/tag/heterotypical-development/,heterotypical-development,,,/tag/heterotypical-development/
tag,high maintenance interaction,https://behaviouralscience.net/tag/high-maintenance-interaction/,/tag/high-maintenance-interaction/,high-maintenance-interaction,,,/tag/high-maintenance-interaction/
tag,Hillerbrand,https://behaviouralscience.net/tag/hillerbrand/,/tag/hillerbrand/,hillerbrand,,,/tag/hillerbrand/
tag,HMI,https://behaviouralscience.net/tag/hmi/,/tag/hmi/,hmi,,,/tag/hmi/
tag,Holland,https://behaviouralscience.net/tag/holland/,/tag/holland/,holland,,,/tag/holland/
tag,Homeotypic continuity,https://behaviouralscience.net/tag/homeotypic-continuity/,/tag/homeotypic-continuity/,homeotypic-continuity,,,/tag/homeotypic-continuity/
tag,Hornsveld,https://behaviouralscience.net/tag/hornsveld/,/tag/hornsveld/,hornsveld,,,/tag/hornsveld/
tag,Hubert de Mey,https://behaviouralscience.net/tag/hubert-de-mey/,/tag/hubert-de-mey/,hubert-de-mey,,,/tag/hubert-de-mey/
tag,Hutschemaekers,https://behaviouralscience.net/tag/hutschemaekers/,/tag/hutschemaekers/,hutschemaekers,,,/tag/hutschemaekers/
tag,hypnosis,https://behaviouralscience.net/tag/hypnosis/,/tag/hypnosis/,hypnosis,,,/tag/hypnosis/
tag,ICD,https://behaviouralscience.net/tag/icd/,/tag/icd/,icd,,,/tag/icd/
tag,Implementation Intention,https://behaviouralscience.net/tag/implementation-intention/,/tag/implementation-intention/,implementation-intention,,,/tag/implementation-intention/
tag,implicit measures,https://behaviouralscience.net/tag/implicit-measures/,/tag/implicit-measures/,implicit-measures,,,/tag/implicit-measures/
tag,implicit self,https://behaviouralscience.net/tag/implicit-self/,/tag/implicit-self/,implicit-self,,,/tag/implicit-self/
tag,implicit stereotypen,https://behaviouralscience.net/tag/implicit-stereotypen/,/tag/implicit-stereotypen/,implicit-stereotypen,,,/tag/implicit-stereotypen/
tag,implus-regulation,https://behaviouralscience.net/tag/implus-regulation/,/tag/implus-regulation/,implus-regulation,,,/tag/implus-regulation/
tag,impulse control,https://behaviouralscience.net/tag/impulse-control/,/tag/impulse-control/,impulse-control,,,/tag/impulse-control/
tag,impulsive,https://behaviouralscience.net/tag/impulsive/,/tag/impulsive/,impulsive,,,/tag/impulsive/
tag,Impulsive Action,https://behaviouralscience.net/tag/impulsive-action/,/tag/impulsive-action/,impulsive-action,,,/tag/impulsive-action/
tag,information,https://behaviouralscience.net/tag/information/,/tag/information/,information,,,/tag/information/
tag,Information retrieval,https://behaviouralscience.net/tag/information-retrieval/,/tag/information-retrieval/,information-retrieval,,,/tag/information-retrieval/
tag,inhibition hypothesis,https://behaviouralscience.net/tag/inhibition-hypothesis/,/tag/inhibition-hypothesis/,inhibition-hypothesis,,,/tag/inhibition-hypothesis/
tag,Internet,https://behaviouralscience.net/tag/internet/,/tag/internet/,internet,,,/tag/internet/
tag,Interracial Contact on Executive Functioning,https://behaviouralscience.net/tag/interracial-contact-on-executive-functioning/,/tag/interracial-contact-on-executive-functioning/,interracial-contact-on-executive-functioning,,,/tag/interracial-contact-on-executive-functioning/
tag,interracial interaction,https://behaviouralscience.net/tag/interracial-interaction/,/tag/interracial-interaction/,interracial-interaction,,,/tag/interracial-interaction/
tag,Introduction,https://behaviouralscience.net/tag/introduction/,/tag/introduction/,introduction,,,/tag/introduction/
tag,introspection,https://behaviouralscience.net/tag/introspection/,/tag/introspection/,introspection,,,/tag/introspection/
tag,intuition,https://behaviouralscience.net/tag/intuition/,/tag/intuition/,intuition,,,/tag/intuition/
tag,irrational behaviour,https://behaviouralscience.net/tag/irrational-behaviour/,/tag/irrational-behaviour/,irrational-behaviour,,,/tag/irrational-behaviour/
tag,Jan de Houwer,https://behaviouralscience.net/tag/jan-de-houwer/,/tag/jan-de-houwer/,jan-de-houwer,,,/tag/jan-de-houwer/
tag,Jastrow,https://behaviouralscience.net/tag/jastrow/,/tag/jastrow/,jastrow,,,/tag/jastrow/
tag,Johnson,https://behaviouralscience.net/tag/johnson/,/tag/johnson/,johnson,,,/tag/johnson/
tag,Judith Martins,https://behaviouralscience.net/tag/judith-martins/,/tag/judith-martins/,judith-martins,,,/tag/judith-martins/
tag,Kaasenbrood,https://behaviouralscience.net/tag/kaasenbrood/,/tag/kaasenbrood/,kaasenbrood,,,/tag/kaasenbrood/
tag,Kahnemann,https://behaviouralscience.net/tag/kahnemann/,/tag/kahnemann/,kahnemann,,,/tag/kahnemann/
tag,Kandel,https://behaviouralscience.net/tag/kandel/,/tag/kandel/,kandel,,,/tag/kandel/
tag,Karremans,https://behaviouralscience.net/tag/karremans/,/tag/karremans/,karremans,,,/tag/karremans/
tag,Kemmelmeier,https://behaviouralscience.net/tag/kemmelmeier/,/tag/kemmelmeier/,kemmelmeier,,,/tag/kemmelmeier/
tag,Kexue Communications,https://behaviouralscience.net/tag/kexue-communications/,/tag/kexue-communications/,kexue-communications,,,/tag/kexue-communications/
tag,kirmayer,https://behaviouralscience.net/tag/kirmayer/,/tag/kirmayer/,kirmayer,,,/tag/kirmayer/
tag,Kitayama,https://behaviouralscience.net/tag/kitayama/,/tag/kitayama/,kitayama,,,/tag/kitayama/
tag,Klaczynski,https://behaviouralscience.net/tag/klaczynski/,/tag/klaczynski/,klaczynski,,,/tag/klaczynski/
tag,Koele,https://behaviouralscience.net/tag/koele/,/tag/koele/,koele,,,/tag/koele/
tag,Korf,https://behaviouralscience.net/tag/korf/,/tag/korf/,korf,,,/tag/korf/
tag,Krol,https://behaviouralscience.net/tag/krol/,/tag/krol/,krol,,,/tag/krol/
tag,Krueger,https://behaviouralscience.net/tag/krueger/,/tag/krueger/,krueger,,,/tag/krueger/
tag,Kuhn,https://behaviouralscience.net/tag/kuhn/,/tag/kuhn/,kuhn,,,/tag/kuhn/
tag,Kumashiro,https://behaviouralscience.net/tag/kumashiro/,/tag/kumashiro/,kumashiro,,,/tag/kumashiro/
tag,Kuyken,https://behaviouralscience.net/tag/kuyken/,/tag/kuyken/,kuyken,,,/tag/kuyken/
tag,Kwaadsteniet,https://behaviouralscience.net/tag/kwaadsteniet/,/tag/kwaadsteniet/,kwaadsteniet,,,/tag/kwaadsteniet/
tag,Langendam,https://behaviouralscience.net/tag/langendam/,/tag/langendam/,langendam,,,/tag/langendam/
tag,Language,https://behaviouralscience.net/tag/language/,/tag/language/,language,,,/tag/language/
tag,Larzelere,https://behaviouralscience.net/tag/larzelere/,/tag/larzelere/,larzelere,,,/tag/larzelere/
tag,Lassiter,https://behaviouralscience.net/tag/lassiter/,/tag/lassiter/,lassiter,,,/tag/lassiter/
tag,Lawmaking,https://behaviouralscience.net/tag/lawmaking/,/tag/lawmaking/,lawmaking,,,/tag/lawmaking/
tag,Leaper,https://behaviouralscience.net/tag/leaper/,/tag/leaper/,leaper,,,/tag/leaper/
tag,Lehman,https://behaviouralscience.net/tag/lehman/,/tag/lehman/,lehman,,,/tag/lehman/
tag,Lenggenhager,https://behaviouralscience.net/tag/lenggenhager/,/tag/lenggenhager/,lenggenhager,,,/tag/lenggenhager/
tag,level of abstration,https://behaviouralscience.net/tag/level-of-abstration/,/tag/level-of-abstration/,level-of-abstration,,,/tag/level-of-abstration/
tag,Liberman,https://behaviouralscience.net/tag/liberman/,/tag/liberman/,liberman,,,/tag/liberman/
tag,Libet,https://behaviouralscience.net/tag/libet/,/tag/libet/,libet,,,/tag/libet/
tag,life story,https://behaviouralscience.net/tag/life-story/,/tag/life-story/,life-story,,,/tag/life-story/
tag,limbic system,https://behaviouralscience.net/tag/limbic-system/,/tag/limbic-system/,limbic-system,,,/tag/limbic-system/
tag,linguistic determinism,https://behaviouralscience.net/tag/linguistic-determinism/,/tag/linguistic-determinism/,linguistic-determinism,,,/tag/linguistic-determinism/
tag,linguistic relativism,https://behaviouralscience.net/tag/linguistic-relativism/,/tag/linguistic-relativism/,linguistic-relativism,,,/tag/linguistic-relativism/
tag,Lissner,https://behaviouralscience.net/tag/lissner/,/tag/lissner/,lissner,,,/tag/lissner/
tag,logic,https://behaviouralscience.net/tag/logic/,/tag/logic/,logic,,,/tag/logic/
tag,Mackenzie,https://behaviouralscience.net/tag/mackenzie/,/tag/mackenzie/,mackenzie,,,/tag/mackenzie/
tag,Magic,https://behaviouralscience.net/tag/magic/,/tag/magic/,magic,,,/tag/magic/
tag,Malt,https://behaviouralscience.net/tag/malt/,/tag/malt/,malt,,,/tag/malt/
tag,Markus,https://behaviouralscience.net/tag/markus/,/tag/markus/,markus,,,/tag/markus/
tag,Martion,https://behaviouralscience.net/tag/martion/,/tag/martion/,martion,,,/tag/martion/
tag,matched care,https://behaviouralscience.net/tag/matched-care/,/tag/matched-care/,matched-care,,,/tag/matched-care/
tag,materialism,https://behaviouralscience.net/tag/materialism/,/tag/materialism/,materialism,,,/tag/materialism/
tag,medication,https://behaviouralscience.net/tag/medication/,/tag/medication/,medication,,,/tag/medication/
tag,Memory,https://behaviouralscience.net/tag/memory/,/tag/memory/,memory,,,/tag/memory/
tag,mental health,https://behaviouralscience.net/tag/mental-health/,/tag/mental-health/,mental-health,,,/tag/mental-health/
tag,mesolimbic neurons,https://behaviouralscience.net/tag/mesolimbic-neurons/,/tag/mesolimbic-neurons/,mesolimbic-neurons,,,/tag/mesolimbic-neurons/
tag,mesolimbic system,https://behaviouralscience.net/tag/mesolimbic-system/,/tag/mesolimbic-system/,mesolimbic-system,,,/tag/mesolimbic-system/
tag,meta-analysis,https://behaviouralscience.net/tag/meta-analysis/,/tag/meta-analysis/,meta-analysis,,,/tag/meta-analysis/
tag,Metzmacher,https://behaviouralscience.net/tag/metzmacher/,/tag/metzmacher/,metzmacher,,,/tag/metzmacher/
tag,Miakami,https://behaviouralscience.net/tag/miakami/,/tag/miakami/,miakami,,,/tag/miakami/
tag,microsystem,https://behaviouralscience.net/tag/microsystem/,/tag/microsystem/,microsystem,,,/tag/microsystem/
tag,mind control,https://behaviouralscience.net/tag/mind-control/,/tag/mind-control/,mind-control,,,/tag/mind-control/
tag,Miresco,https://behaviouralscience.net/tag/miresco/,/tag/miresco/,miresco,,,/tag/miresco/
tag,Mode-Model,https://behaviouralscience.net/tag/mode-model/,/tag/mode-model/,mode-model,,,/tag/mode-model/
tag,model,https://behaviouralscience.net/tag/model/,/tag/model/,model,,,/tag/model/
tag,morality,https://behaviouralscience.net/tag/morality/,/tag/morality/,morality,,,/tag/morality/
tag,Motivation,https://behaviouralscience.net/tag/motivation/,/tag/motivation/,motivation,,,/tag/motivation/
tag,Mudry,https://behaviouralscience.net/tag/mudry/,/tag/mudry/,mudry,,,/tag/mudry/
tag,Muraven,https://behaviouralscience.net/tag/muraven/,/tag/muraven/,muraven,,,/tag/muraven/
tag,Murphy,https://behaviouralscience.net/tag/murphy/,/tag/murphy/,murphy,,,/tag/murphy/
tag,Musa,https://behaviouralscience.net/tag/musa/,/tag/musa/,musa,,,/tag/musa/
tag,natural habits,https://behaviouralscience.net/tag/natural-habits/,/tag/natural-habits/,natural-habits,,,/tag/natural-habits/
tag,Nauts,https://behaviouralscience.net/tag/nauts/,/tag/nauts/,nauts,,,/tag/nauts/
tag,Nørretranders,https://behaviouralscience.net/tag/norretranders/,/tag/norretranders/,norretranders,,,/tag/norretranders/
tag,negative affect,https://behaviouralscience.net/tag/negative-affect/,/tag/negative-affect/,negative-affect,,,/tag/negative-affect/
tag,neurocognition,https://behaviouralscience.net/tag/neurocognition/,/tag/neurocognition/,neurocognition,,,/tag/neurocognition/
tag,nicotine,https://behaviouralscience.net/tag/nicotine/,/tag/nicotine/,nicotine,,,/tag/nicotine/
tag,nicotine cholinergic receptors,https://behaviouralscience.net/tag/nicotine-cholinergic-receptors/,/tag/nicotine-cholinergic-receptors/,nicotine-cholinergic-receptors,,,/tag/nicotine-cholinergic-receptors/
tag,Nijenhuis,https://behaviouralscience.net/tag/nijenhuis/,/tag/nijenhuis/,nijenhuis,,,/tag/nijenhuis/
tag,NLP,https://behaviouralscience.net/tag/nlp/,/tag/nlp/,nlp,,,/tag/nlp/
tag,Noam Chomsky,https://behaviouralscience.net/tag/noam-chomsky/,/tag/noam-chomsky/,noam-chomsky,,,/tag/noam-chomsky/
tag,non-verbal behaviour,https://behaviouralscience.net/tag/non-verbal-behaviour/,/tag/non-verbal-behaviour/,non-verbal-behaviour,,,/tag/non-verbal-behaviour/
tag,Nonlinear time series analysis,https://behaviouralscience.net/tag/nonlinear-time-series-analysis/,/tag/nonlinear-time-series-analysis/,nonlinear-time-series-analysis,,,/tag/nonlinear-time-series-analysis/
tag,normative models,https://behaviouralscience.net/tag/normative-models/,/tag/normative-models/,normative-models,,,/tag/normative-models/
tag,notes,https://behaviouralscience.net/tag/notes/,/tag/notes/,notes,,,/tag/notes/
tag,O’Neill,https://behaviouralscience.net/tag/oneill/,/tag/oneill/,oneill,,,/tag/oneill/
tag,Obesity,https://behaviouralscience.net/tag/obesity/,/tag/obesity/,obesity,,,/tag/obesity/
tag,Obesity Stereotypes,https://behaviouralscience.net/tag/obesity-stereotypes/,/tag/obesity-stereotypes/,obesity-stereotypes,,,/tag/obesity-stereotypes/
tag,occam's razor,https://behaviouralscience.net/tag/occams-razor/,/tag/occams-razor/,occams-razor,,,/tag/occams-razor/
tag,Ouwens,https://behaviouralscience.net/tag/ouwens/,/tag/ouwens/,ouwens,,,/tag/ouwens/
tag,Owen,https://behaviouralscience.net/tag/owen/,/tag/owen/,owen,,,/tag/owen/
tag,Paans,https://behaviouralscience.net/tag/paans/,/tag/paans/,paans,,,/tag/paans/
tag,Pamela Smith,https://behaviouralscience.net/tag/pamela-smith/,/tag/pamela-smith/,pamela-smith,,,/tag/pamela-smith/
tag,pancultural,https://behaviouralscience.net/tag/pancultural/,/tag/pancultural/,pancultural,,,/tag/pancultural/
tag,Panculturalists,https://behaviouralscience.net/tag/panculturalists/,/tag/panculturalists/,panculturalists,,,/tag/panculturalists/
tag,papies,https://behaviouralscience.net/tag/papies/,/tag/papies/,papies,,,/tag/papies/
tag,parametric,https://behaviouralscience.net/tag/parametric/,/tag/parametric/,parametric,,,/tag/parametric/
tag,patient cases,https://behaviouralscience.net/tag/patient-cases/,/tag/patient-cases/,patient-cases,,,/tag/patient-cases/
tag,Pötzl,https://behaviouralscience.net/tag/potzl/,/tag/potzl/,potzl,,,/tag/potzl/
tag,perception,https://behaviouralscience.net/tag/perception/,/tag/perception/,perception,,,/tag/perception/
tag,Persons,https://behaviouralscience.net/tag/persons/,/tag/persons/,persons,,,/tag/persons/
tag,philosophy of science,https://behaviouralscience.net/tag/philosophy-of-science/,/tag/philosophy-of-science/,philosophy-of-science,,,/tag/philosophy-of-science/
tag,Pierce,https://behaviouralscience.net/tag/pierce/,/tag/pierce/,pierce,,,/tag/pierce/
tag,Pinker,https://behaviouralscience.net/tag/pinker/,/tag/pinker/,pinker,,,/tag/pinker/
tag,Pochaska,https://behaviouralscience.net/tag/pochaska/,/tag/pochaska/,pochaska,,,/tag/pochaska/
tag,Politics,https://behaviouralscience.net/tag/politics/,/tag/politics/,politics,,,/tag/politics/
tag,Polivy,https://behaviouralscience.net/tag/polivy/,/tag/polivy/,polivy,,,/tag/polivy/
tag,poll,https://behaviouralscience.net/tag/poll/,/tag/poll/,poll,,,/tag/poll/
tag,Positivism,https://behaviouralscience.net/tag/positivism/,/tag/positivism/,positivism,,,/tag/positivism/
tag,power research,https://behaviouralscience.net/tag/power-research/,/tag/power-research/,power-research,,,/tag/power-research/
tag,presentation,https://behaviouralscience.net/tag/presentation/,/tag/presentation/,presentation,,,/tag/presentation/
tag,priming,https://behaviouralscience.net/tag/priming/,/tag/priming/,priming,,,/tag/priming/
tag,privacy,https://behaviouralscience.net/tag/privacy/,/tag/privacy/,privacy,,,/tag/privacy/
tag,Proctor,https://behaviouralscience.net/tag/proctor/,/tag/proctor/,proctor,,,/tag/proctor/
tag,Psychology,https://behaviouralscience.net/tag/psychology/,/tag/psychology/,psychology,,,/tag/psychology/
tag,psychopathological progression,https://behaviouralscience.net/tag/psychopathological-progression/,/tag/psychopathological-progression/,psychopathological-progression,,,/tag/psychopathological-progression/
tag,psychopharmacology,https://behaviouralscience.net/tag/psychopharmacology/,/tag/psychopharmacology/,psychopharmacology,,,/tag/psychopharmacology/
tag,Psychotherapy,https://behaviouralscience.net/tag/psychotherapy/,/tag/psychotherapy/,psychotherapy,,,/tag/psychotherapy/
tag,Puhl,https://behaviouralscience.net/tag/puhl/,/tag/puhl/,puhl,,,/tag/puhl/
tag,quick and easy,https://behaviouralscience.net/tag/quick-and-easy/,/tag/quick-and-easy/,quick-and-easy,,,/tag/quick-and-easy/
tag,racial IAT,https://behaviouralscience.net/tag/racial-iat/,/tag/racial-iat/,racial-iat,,,/tag/racial-iat/
tag,Randomized Controlled Trials,https://behaviouralscience.net/tag/randomized-controlled-trials/,/tag/randomized-controlled-trials/,randomized-controlled-trials,,,/tag/randomized-controlled-trials/
tag,ranking,https://behaviouralscience.net/tag/ranking/,/tag/ranking/,ranking,,,/tag/ranking/
tag,reflective system,https://behaviouralscience.net/tag/reflective-system/,/tag/reflective-system/,reflective-system,,,/tag/reflective-system/
tag,Reinders,https://behaviouralscience.net/tag/reinders/,/tag/reinders/,reinders,,,/tag/reinders/
tag,relationship,https://behaviouralscience.net/tag/relationship/,/tag/relationship/,relationship,,,/tag/relationship/
tag,relationship-satisfaction,https://behaviouralscience.net/tag/relationship-satisfaction/,/tag/relationship-satisfaction/,relationship-satisfaction,,,/tag/relationship-satisfaction/
tag,relaxation,https://behaviouralscience.net/tag/relaxation/,/tag/relaxation/,relaxation,,,/tag/relaxation/
tag,Reply,https://behaviouralscience.net/tag/reply/,/tag/reply/,reply,,,/tag/reply/
tag,research,https://behaviouralscience.net/tag/research/,/tag/research/,research,,,/tag/research/
tag,research proposal,https://behaviouralscience.net/tag/research-proposal/,/tag/research-proposal/,research-proposal,,,/tag/research-proposal/
tag,Reward,https://behaviouralscience.net/tag/reward/,/tag/reward/,reward,,,/tag/reward/
tag,Richard Dawkins,https://behaviouralscience.net/tag/richard-dawkins/,/tag/richard-dawkins/,richard-dawkins,,,/tag/richard-dawkins/
tag,Richeson,https://behaviouralscience.net/tag/richeson/,/tag/richeson/,richeson,,,/tag/richeson/
tag,Risk Factors,https://behaviouralscience.net/tag/risk-factors/,/tag/risk-factors/,risk-factors,,,/tag/risk-factors/
tag,Rivis,https://behaviouralscience.net/tag/rivis/,/tag/rivis/,rivis,,,/tag/rivis/
tag,role-playing,https://behaviouralscience.net/tag/role-playing/,/tag/role-playing/,role-playing,,,/tag/role-playing/
tag,Rolls,https://behaviouralscience.net/tag/rolls/,/tag/rolls/,rolls,,,/tag/rolls/
tag,Rommerswinkel,https://behaviouralscience.net/tag/rommerswinkel/,/tag/rommerswinkel/,rommerswinkel,,,/tag/rommerswinkel/
tag,Roos Vonk,https://behaviouralscience.net/tag/roos-vonk/,/tag/roos-vonk/,roos-vonk,,,/tag/roos-vonk/
tag,Ross,https://behaviouralscience.net/tag/ross/,/tag/ross/,ross,,,/tag/ross/
tag,RTC,https://behaviouralscience.net/tag/rtc/,/tag/rtc/,rtc,,,/tag/rtc/
tag,Ruud Custers,https://behaviouralscience.net/tag/ruud-custers/,/tag/ruud-custers/,ruud-custers,,,/tag/ruud-custers/
tag,Sanne Nauts,https://behaviouralscience.net/tag/sanne-nauts/,/tag/sanne-nauts/,sanne-nauts,,,/tag/sanne-nauts/
tag,Sapir-Whorf Hypothesis,https://behaviouralscience.net/tag/sapir-whorf-hypothesis/,/tag/sapir-whorf-hypothesis/,sapir-whorf-hypothesis,,,/tag/sapir-whorf-hypothesis/
tag,SCENT,https://behaviouralscience.net/tag/scent/,/tag/scent/,scent,,,/tag/scent/
tag,Schmeichel,https://behaviouralscience.net/tag/schmeichel/,/tag/schmeichel/,schmeichel,,,/tag/schmeichel/
tag,Schneider,https://behaviouralscience.net/tag/schneider/,/tag/schneider/,schneider,,,/tag/schneider/
tag,Schooler,https://behaviouralscience.net/tag/schooler/,/tag/schooler/,schooler,,,/tag/schooler/
tag,SCID,https://behaviouralscience.net/tag/scid/,/tag/scid/,scid,,,/tag/scid/
tag,science blogs,https://behaviouralscience.net/tag/science-blogs/,/tag/science-blogs/,science-blogs,,,/tag/science-blogs/
tag,scientific approach,https://behaviouralscience.net/tag/scientific-approach/,/tag/scientific-approach/,scientific-approach,,,/tag/scientific-approach/
tag,scientific blogging,https://behaviouralscience.net/tag/scientific-blogging/,/tag/scientific-blogging/,scientific-blogging,,,/tag/scientific-blogging/
tag,search terms,https://behaviouralscience.net/tag/search-terms/,/tag/search-terms/,search-terms,,,/tag/search-terms/
tag,Sedikides,https://behaviouralscience.net/tag/sedikides/,/tag/sedikides/,sedikides,,,/tag/sedikides/
tag,Self-Enhancement,https://behaviouralscience.net/tag/self-enhancement/,/tag/self-enhancement/,self-enhancement,,,/tag/self-enhancement/
tag,self-esteem,https://behaviouralscience.net/tag/self-esteem/,/tag/self-esteem/,self-esteem,,,/tag/self-esteem/
tag,self-knowledge,https://behaviouralscience.net/tag/self-knowledge/,/tag/self-knowledge/,self-knowledge,,,/tag/self-knowledge/
tag,self-monitoring,https://behaviouralscience.net/tag/self-monitoring/,/tag/self-monitoring/,self-monitoring,,,/tag/self-monitoring/
tag,self-perception,https://behaviouralscience.net/tag/self-perception/,/tag/self-perception/,self-perception,,,/tag/self-perception/
tag,self-presentation,https://behaviouralscience.net/tag/self-presentation/,/tag/self-presentation/,self-presentation,,,/tag/self-presentation/
tag,self-regard,https://behaviouralscience.net/tag/self-regard/,/tag/self-regard/,self-regard,,,/tag/self-regard/
tag,self-regulation,https://behaviouralscience.net/tag/self-regulation/,/tag/self-regulation/,self-regulation,,,/tag/self-regulation/
tag,self-talk,https://behaviouralscience.net/tag/self-talk/,/tag/self-talk/,self-talk,,,/tag/self-talk/
tag,self-worth,https://behaviouralscience.net/tag/self-worth/,/tag/self-worth/,self-worth,,,/tag/self-worth/
tag,Sheeran,https://behaviouralscience.net/tag/sheeran/,/tag/sheeran/,sheeran,,,/tag/sheeran/
tag,Shelton,https://behaviouralscience.net/tag/shelton/,/tag/shelton/,shelton,,,/tag/shelton/
tag,Simmons,https://behaviouralscience.net/tag/simmons/,/tag/simmons/,simmons,,,/tag/simmons/
tag,skills,https://behaviouralscience.net/tag/skills/,/tag/skills/,skills,,,/tag/skills/
tag,Skinner,https://behaviouralscience.net/tag/skinner/,/tag/skinner/,skinner,,,/tag/skinner/
tag,Sloman,https://behaviouralscience.net/tag/sloman/,/tag/sloman/,sloman,,,/tag/sloman/
tag,Smith,https://behaviouralscience.net/tag/smith/,/tag/smith/,smith,,,/tag/smith/
tag,Smoking,https://behaviouralscience.net/tag/smoking/,/tag/smoking/,smoking,,,/tag/smoking/
tag,social anxiety,https://behaviouralscience.net/tag/social-anxiety/,/tag/social-anxiety/,social-anxiety,,,/tag/social-anxiety/
tag,social comparison,https://behaviouralscience.net/tag/social-comparison/,/tag/social-comparison/,social-comparison,,,/tag/social-comparison/
tag,social networks,https://behaviouralscience.net/tag/social-networks/,/tag/social-networks/,social-networks,,,/tag/social-networks/
tag,Social Psychology,https://behaviouralscience.net/tag/social-psychology/,/tag/social-psychology/,social-psychology,,,/tag/social-psychology/
tag,spatial orientation,https://behaviouralscience.net/tag/spatial-orientation/,/tag/spatial-orientation/,spatial-orientation,,,/tag/spatial-orientation/
tag,stats,https://behaviouralscience.net/tag/stats/,/tag/stats/,stats,,,/tag/stats/
tag,steal,https://behaviouralscience.net/tag/steal/,/tag/steal/,steal,,,/tag/steal/
tag,stepparent,https://behaviouralscience.net/tag/stepparent/,/tag/stepparent/,stepparent,,,/tag/stepparent/
tag,Stepped-Care,https://behaviouralscience.net/tag/stepped-care/,/tag/stepped-care/,stepped-care,,,/tag/stepped-care/
tag,Steven Pinker,https://behaviouralscience.net/tag/steven-pinker/,/tag/steven-pinker/,steven-pinker,,,/tag/steven-pinker/
tag,Stockholm University,https://behaviouralscience.net/tag/stockholm-university/,/tag/stockholm-university/,stockholm-university,,,/tag/stockholm-university/
tag,Storms,https://behaviouralscience.net/tag/storms/,/tag/storms/,storms,,,/tag/storms/
tag,Strack,https://behaviouralscience.net/tag/strack/,/tag/strack/,strack,,,/tag/strack/
tag,stress,https://behaviouralscience.net/tag/stress/,/tag/stress/,stress,,,/tag/stress/
tag,study,https://behaviouralscience.net/tag/study/,/tag/study/,study,,,/tag/study/
tag,subconscious,https://behaviouralscience.net/tag/subconscious/,/tag/subconscious/,subconscious,,,/tag/subconscious/
tag,subliminal,https://behaviouralscience.net/tag/subliminal/,/tag/subliminal/,subliminal,,,/tag/subliminal/
tag,success,https://behaviouralscience.net/tag/success/,/tag/success/,success,,,/tag/success/
tag,superheros,https://behaviouralscience.net/tag/superheros/,/tag/superheros/,superheros,,,/tag/superheros/
tag,Suwelack,https://behaviouralscience.net/tag/suwelack/,/tag/suwelack/,suwelack,,,/tag/suwelack/
tag,symptoms,https://behaviouralscience.net/tag/symptoms/,/tag/symptoms/,symptoms,,,/tag/symptoms/
tag,talk,https://behaviouralscience.net/tag/talk/,/tag/talk/,talk,,,/tag/talk/
tag,Taylor,https://behaviouralscience.net/tag/taylor/,/tag/taylor/,taylor,,,/tag/taylor/
tag,TED,https://behaviouralscience.net/tag/ted/,/tag/ted/,ted,,,/tag/ted/
tag,Temrin,https://behaviouralscience.net/tag/temrin/,/tag/temrin/,temrin,,,/tag/temrin/
tag,Terror Management theory,https://behaviouralscience.net/tag/terror-management-theory/,/tag/terror-management-theory/,terror-management-theory,,,/tag/terror-management-theory/
tag,thank you,https://behaviouralscience.net/tag/thank-you/,/tag/thank-you/,thank-you,,,/tag/thank-you/
tag,The Secret,https://behaviouralscience.net/tag/the-secret/,/tag/the-secret/,the-secret,,,/tag/the-secret/
tag,The Self,https://behaviouralscience.net/tag/the-self/,/tag/the-self/,the-self,,,/tag/the-self/
tag,Theory,https://behaviouralscience.net/tag/theory/,/tag/theory/,theory,,,/tag/theory/
tag,therapists,https://behaviouralscience.net/tag/therapists/,/tag/therapists/,therapists,,,/tag/therapists/
tag,Thin ideal,https://behaviouralscience.net/tag/thin-ideal/,/tag/thin-ideal/,thin-ideal,,,/tag/thin-ideal/
tag,Thought,https://behaviouralscience.net/tag/thought/,/tag/thought/,thought,,,/tag/thought/
tag,Tice,https://behaviouralscience.net/tag/tice/,/tag/tice/,tice,,,/tag/tice/
tag,Tiemens,https://behaviouralscience.net/tag/tiemens/,/tag/tiemens/,tiemens,,,/tag/tiemens/
tag,Tim O’Mahony,https://behaviouralscience.net/tag/tim-omahony/,/tag/tim-omahony/,tim-omahony,,,/tag/tim-omahony/
tag,Toguchi,https://behaviouralscience.net/tag/toguchi/,/tag/toguchi/,toguchi,,,/tag/toguchi/
tag,Training,https://behaviouralscience.net/tag/training/,/tag/training/,training,,,/tag/training/
tag,treatment decisions,https://behaviouralscience.net/tag/treatment-decisions/,/tag/treatment-decisions/,treatment-decisions,,,/tag/treatment-decisions/
tag,Trick of the Mind,https://behaviouralscience.net/tag/trick-of-the-mind/,/tag/trick-of-the-mind/,trick-of-the-mind,,,/tag/trick-of-the-mind/
tag,Tucker,https://behaviouralscience.net/tag/tucker/,/tag/tucker/,tucker,,,/tag/tucker/
tag,Tversky,https://behaviouralscience.net/tag/tversky/,/tag/tversky/,tversky,,,/tag/tversky/
tag,Twenge,https://behaviouralscience.net/tag/twenge/,/tag/twenge/,twenge,,,/tag/twenge/
tag,unaided categorical psychodiagnosis,https://behaviouralscience.net/tag/unaided-categorical-psychodiagnosis/,/tag/unaided-categorical-psychodiagnosis/,unaided-categorical-psychodiagnosis,,,/tag/unaided-categorical-psychodiagnosis/
tag,unconscious,https://behaviouralscience.net/tag/unconscious/,/tag/unconscious/,unconscious,,,/tag/unconscious/
tag,unconscious goals,https://behaviouralscience.net/tag/unconscious-goals/,/tag/unconscious-goals/,unconscious-goals,,,/tag/unconscious-goals/
tag,unconscious processes,https://behaviouralscience.net/tag/unconscious-processes/,/tag/unconscious-processes/,unconscious-processes,,,/tag/unconscious-processes/
tag,universal process,https://behaviouralscience.net/tag/universal-process/,/tag/universal-process/,universal-process,,,/tag/universal-process/
tag,Universalists,https://behaviouralscience.net/tag/universalists/,/tag/universalists/,universalists,,,/tag/universalists/
tag,University of California,https://behaviouralscience.net/tag/university-of-california/,/tag/university-of-california/,university-of-california,,,/tag/university-of-california/
tag,Van Strien,https://behaviouralscience.net/tag/van-strien/,/tag/van-strien/,van-strien,,,/tag/van-strien/
tag,Vevea,https://behaviouralscience.net/tag/vevea/,/tag/vevea/,vevea,,,/tag/vevea/
tag,Vicary,https://behaviouralscience.net/tag/vicary/,/tag/vicary/,vicary,,,/tag/vicary/
tag,video,https://behaviouralscience.net/tag/video/,/tag/video/,video,,,/tag/video/
tag,Video Ergo Sum,https://behaviouralscience.net/tag/video-ergo-sum/,/tag/video-ergo-sum/,video-ergo-sum,,,/tag/video-ergo-sum/
tag,Video interview,https://behaviouralscience.net/tag/video-interview/,/tag/video-interview/,video-interview,,,/tag/video-interview/
tag,Virtual Reality,https://behaviouralscience.net/tag/virtual-reality/,/tag/virtual-reality/,virtual-reality,,,/tag/virtual-reality/
tag,Visual Illusion,https://behaviouralscience.net/tag/visual-illusion/,/tag/visual-illusion/,visual-illusion,,,/tag/visual-illusion/
tag,visualization,https://behaviouralscience.net/tag/visualization/,/tag/visualization/,visualization,,,/tag/visualization/
tag,Vohs,https://behaviouralscience.net/tag/vohs/,/tag/vohs/,vohs,,,/tag/vohs/
tag,von Holle,https://behaviouralscience.net/tag/von-holle/,/tag/von-holle/,von-holle,,,/tag/von-holle/
tag,Wadden,https://behaviouralscience.net/tag/wadden/,/tag/wadden/,wadden,,,/tag/wadden/
tag,Webb,https://behaviouralscience.net/tag/webb/,/tag/webb/,webb,,,/tag/webb/
tag,Wegner,https://behaviouralscience.net/tag/wegner/,/tag/wegner/,wegner,,,/tag/wegner/
tag,weight loss,https://behaviouralscience.net/tag/weight-loss/,/tag/weight-loss/,weight-loss,,,/tag/weight-loss/
tag,Weight Watchers,https://behaviouralscience.net/tag/weight-watchers/,/tag/weight-watchers/,weight-watchers,,,/tag/weight-watchers/
tag,Weiland,https://behaviouralscience.net/tag/weiland/,/tag/weiland/,weiland,,,/tag/weiland/
tag,Whalen,https://behaviouralscience.net/tag/whalen/,/tag/whalen/,whalen,,,/tag/whalen/
tag,Whorf,https://behaviouralscience.net/tag/whorf/,/tag/whorf/,whorf,,,/tag/whorf/
tag,Willemsen,https://behaviouralscience.net/tag/willemsen/,/tag/willemsen/,willemsen,,,/tag/willemsen/
tag,William James,https://behaviouralscience.net/tag/william-james/,/tag/william-james/,william-james,,,/tag/william-james/
tag,Williams,https://behaviouralscience.net/tag/williams/,/tag/williams/,williams,,,/tag/williams/
tag,Wilson,https://behaviouralscience.net/tag/wilson/,/tag/wilson/,wilson,,,/tag/wilson/
tag,Witteman,https://behaviouralscience.net/tag/witteman/,/tag/witteman/,witteman,,,/tag/witteman/
tag,Wolfe,https://behaviouralscience.net/tag/wolfe/,/tag/wolfe/,wolfe,,,/tag/wolfe/
tag,Wong,https://behaviouralscience.net/tag/wong/,/tag/wong/,wong,,,/tag/wong/
tag,Yao,https://behaviouralscience.net/tag/yao/,/tag/yao/,yao,,,/tag/yao/
tag,Yon,https://behaviouralscience.net/tag/yon/,/tag/yon/,yon,,,/tag/yon/
tag,Zajonc,https://behaviouralscience.net/tag/zajonc/,/tag/zajonc/,zajonc,,,/tag/zajonc/
tag,Zwaam,https://behaviouralscience.net/tag/zwaam/,/tag/zwaam/,zwaam,,,/tag/zwaam/
